2020-2021 NBA Stats | Player Box Score & Advanced Metrics,,,,,,,,,,,,,,,,,,,,,,,,,,,,
RANK,FULL NAME,TEAM,POS,AGE,GP,MPG,MIN%Minutes PercentagePercentage of team minutes used by a player while he was on the floor,"USG%Usage RateUsage rate, a.k.a., usage percentage is an estimate of the percentage of team plays used by a player while he was on the floor",TO%Turnover RateA metric that estimates the number of turnovers a player commits per 100 possessions,FTA,FT%,2PA,2P%,3PA,3P%,"eFG%Effective Shooting PercentageWith eFG%, three-point shots made are worth 50% more than two-point shots made. eFG% Formula=(FGM+ (0.5 x 3PM))/FGA","TS%True Shooting PercentageTrue shooting percentage is a measure of shooting efficiency that takes into account field goals, 3-point field goals, and free throws.",PPGPointsPoints per game.,RPGReboundsRebounds per game.,TRB%Total Rebound PercentageTotal rebound percentage is estimated percentage of available rebounds grabbed by the player while the player is on the court.,APGAssistsAssists per game.,AST%Assist PercentageAssist percentage is an estimated percentage of teammate field goals a player assisted while the player is on the court,SPGStealsSteals per game.,BPGBlocksBlocks per game.,TOPGTurnoversTurnovers per game.,"VIVersatility IndexVersatility index is a metric that measures a playerâ€™s ability to produce in points, assists, and rebounds. The average player will score around a five on the index, while top players score above 10",ORTGOffensive RatingIndividual offensive rating is the number of points produced by a player per 100 total individual possessions.,DRTGDefensive RatingIndividual defensive rating estimates how many points the player allowed per 100 possessions he individually faced while staying on the court.
,Bradley Beal,Was,G,27.84,53,35.6,74.3,34.3,11,402,0.9,876,0.54,334,0.35,0.536,0.598,31.3,4.8,7.1,4.5,22.4,1.17,0.36,3.23,9.9,113.7,110.3
,Stephen Curry,Gol,G,33.12,54,34,70.9,33.7,12.5,329,0.918,479,0.572,649,0.428,0.613,0.662,31.2,5.5,8.6,5.7,30.5,1.17,0.13,3.35,11.7,119.6,109.3
,Joel Embiid,Phi,C-F,27.12,43,31.7,66.1,35.5,11.8,489,0.851,645,0.541,136,0.375,0.545,0.636,29.5,10.8,18.8,3,17.2,1.05,1.42,3.09,12.4,121.7,100.2
,Luka Doncic,Dal,F-G,22.16,56,35.1,73.1,35.9,15.3,407,0.73,698,0.57,471,0.359,0.557,0.593,28.6,7.9,12.4,8.7,44.3,1,0.61,4.34,14.3,114.4,107.2
,Giannis Antetokounmpo,Mil,F,26.4,52,33.7,70.1,32.6,14,514,0.685,757,0.633,187,0.305,0.598,0.633,28.5,11.4,17.8,6,29.1,1.21,1.29,3.65,14.8,120.4,101.3
,Damian Lillard,Por,G,30.79,57,35.8,74.6,31.7,11.8,418,0.926,539,0.501,608,0.373,0.532,0.604,28.2,4.2,6.2,7.4,34.4,0.93,0.26,3.12,10.7,121.9,116.4
,Zach LaVine,Chi,G-F,26.14,53,35.2,73.4,31.2,14.4,276,0.848,593,0.572,437,0.416,0.594,0.633,27.5,5.1,8.1,5.1,24.1,0.81,0.51,3.64,10.2,114.3,110
,Kevin Durant,Bro,F,32.58,26,32.5,67.7,31.5,15.2,181,0.873,299,0.582,140,0.471,0.622,0.679,27.1,6.8,11.7,5.1,25.9,0.69,1.31,3.58,12.1,121.2,109.5
,Kyrie Irving,Bro,G,29.1,46,35.2,73.4,30.4,10.2,196,0.923,614,0.562,315,0.387,0.568,0.609,26.9,5,7.9,6.4,30.2,1.33,0.61,2.5,10.8,121,109.4
,Zion Williamson,Nor,F,20.81,57,32.9,68.6,29.8,11.4,491,0.697,924,0.626,31,0.323,0.621,0.652,26.8,7.1,11.9,3.6,19.2,0.89,0.63,2.63,10.7,124.4,109.9
,Donovan Mitchell,Uta,G,24.64,53,33.4,69.6,33.5,10.7,316,0.845,630,0.476,461,0.386,0.52,0.569,26.4,4.4,7,5.2,26.7,0.98,0.28,2.77,10.1,114.8,105.3
,Nikola Jokic,Den,C,26.19,62,35.2,73.3,29.3,13.6,317,0.855,915,0.603,207,0.411,0.606,0.646,26.3,10.9,17.6,8.7,40.8,1.42,0.68,3.21,15.4,129.2,104.9
,Jayson Tatum,Bos,F-G,23.16,56,35.7,74.4,30.5,10.7,283,0.869,718,0.497,423,0.383,0.526,0.571,25.8,7.4,11.6,4.4,20.6,1.18,0.39,2.7,10.6,112.6,109.2
,Kawhi Leonard,Lac,F,29.83,46,34.4,71.6,29.2,8.7,263,0.878,607,0.562,229,0.393,0.569,0.622,25.7,6.7,10.9,5.1,24.7,1.67,0.43,1.98,11.1,125.4,107.9
,Devin Booker,Pho,G,24.49,58,33.8,70.5,32.8,12.9,326,0.856,789,0.541,328,0.345,0.534,0.584,25.4,4.2,6.9,4.4,21.4,0.84,0.28,3.21,9.2,109,106.2
,James Harden,Bro,G,31.67,34,37.3,77.7,28.8,16.6,256,0.867,332,0.548,255,0.361,0.545,0.616,25.4,8.7,13,11,43.6,1.26,0.68,4.09,14.4,122,108
,LeBron James,Lal,F,36.33,41,33.9,70.5,31.7,15,239,0.703,489,0.593,266,0.368,0.579,0.606,25.4,7.9,13,7.9,41.5,1.05,0.59,3.71,13.8,114.6,103.3
,Trae Young,Atl,G,22.61,54,34.2,71.3,32.9,16.3,476,0.874,617,0.47,345,0.357,0.493,0.583,25.3,3.9,6.3,9.6,45.8,0.89,0.19,4.22,11.5,115.8,111.9
,De'Aaron Fox,Sac,G,23.36,58,35.1,73.1,31,11.9,417,0.719,790,0.539,320,0.322,0.523,0.565,25.2,3.5,5.6,7.2,32.6,1.5,0.47,3,9.8,112.6,114.4
,Jaylen Brown,Bos,G-F,24.51,56,34.3,71.4,29.7,11.4,241,0.768,676,0.546,389,0.406,0.569,0.596,24.9,5.9,9.6,3.4,16.9,1.25,0.54,2.7,9.3,113.5,106.7
,James Harden,Hou,G,31.67,8,36.3,75.5,28.8,17.4,60,0.883,63,0.556,72,0.347,0.537,0.613,24.8,5.1,7.5,10.4,47.4,0.88,0.75,4.25,12.1,118.6,113.4
,Karl-Anthony Towns,Min,C-F,25.45,41,34.3,71.4,28.8,14,242,0.864,467,0.548,253,0.391,0.562,0.616,24.8,10.8,17.1,4.5,22.8,0.68,1.34,3.27,12.4,116.1,106.1
,Collin Sexton,Cle,G,22.32,50,35.7,74.3,29,11.1,297,0.815,701,0.522,221,0.376,0.532,0.581,24.5,3,4.8,4.1,20.8,1.12,0.14,2.64,7.5,111.6,110.9
,Nikola Vucevic,Orl,C,30.51,44,34.1,71,30,8,110,0.827,620,0.515,288,0.406,0.545,0.565,24.5,11.8,18,3.8,21.8,0.95,0.64,1.89,12.1,111.9,107.8
,Brandon Ingram,Nor,F,23.66,57,34.4,71.7,28.4,11,300,0.887,684,0.516,354,0.384,0.537,0.59,24.2,5,8,4.9,22.5,0.67,0.63,2.54,9.8,116,111.9
,Julius Randle,Nyk,F-C,26.41,62,37.5,78.1,28.8,13.9,375,0.808,808,0.478,330,0.421,0.522,0.573,24.1,10.4,15,5.9,26.7,0.95,0.26,3.39,12.2,111.8,100.5
,Paul George,Lac,F,30.99,48,33.5,69.8,30.2,14.6,200,0.885,485,0.515,365,0.422,0.566,0.607,23.7,6.5,10.9,5.3,25.4,1.23,0.46,3.35,11.2,114.1,105.7
,Shai Gilgeous-Alexander,Okc,G-F,22.8,35,33.7,70.2,27.9,13.7,229,0.808,395,0.547,170,0.418,0.571,0.623,23.7,4.7,7.3,5.9,31.2,0.77,0.66,3.03,10.3,117.7,111.1
,CJ McCollum,Por,G,29.61,37,33.8,70.4,27.5,6.5,100,0.82,358,0.514,347,0.395,0.552,0.575,23.3,4.1,6.5,4.8,24,1.05,0.46,1.41,9.1,119.8,114.6
,Jerami Grant,Det,F,27.13,53,34.1,71,28.4,9,337,0.849,597,0.469,325,0.354,0.491,0.556,22.5,4.6,7.6,2.8,14.4,0.66,1.06,2,7.8,109.4,109.8
,Nikola Vucevic,Chi,C,30.51,19,32.3,67.3,27.5,8.5,40,0.85,237,0.54,102,0.451,0.581,0.6,22.5,10.7,18.5,3.6,18.7,0.95,0.79,1.74,11.8,117.3,106.2
,Jimmy Butler,Mia,F,31.62,46,34,70.9,26.9,10.7,367,0.864,581,0.537,90,0.211,0.507,0.599,21.7,7.1,11.8,7.2,36.4,2.11,0.37,2.17,12.2,125.1,106.7
,Russell Westbrook,Was,G,32.46,55,35.8,74.7,30.9,18.7,343,0.63,818,0.471,222,0.311,0.47,0.501,21.7,11.2,16.5,11,47.4,1.31,0.35,4.98,15.5,101.2,104.5
,Anthony Davis,Lal,F-C,28.13,27,31.9,66.6,28.6,9.7,148,0.709,373,0.56,74,0.27,0.535,0.569,21.6,7.9,13.8,2.9,15.9,1.3,1.7,2.04,9.9,111.5,102.4
,Malcolm Brogdon,Ind,G,28.38,55,34.9,72.6,26,9.8,175,0.869,604,0.495,371,0.391,0.53,0.563,21.5,5.3,8.2,5.9,26.3,0.89,0.27,2.07,10,113.7,111.9
,DeMar DeRozan,San,G-F,31.73,52,34.1,71.1,25.7,9.7,371,0.887,711,0.518,71,0.254,0.505,0.592,21.5,4.4,6.8,7.2,33.2,0.87,0.25,1.96,10.3,122.5,109.8
,Jamal Murray,Den,G,24.18,48,35.5,73.9,24.8,11.1,153,0.869,476,0.523,316,0.408,0.559,0.592,21.2,4,6.5,4.8,20.1,1.33,0.27,2.23,8.4,116.3,110.9
,Victor Oladipo,Hou,G,28.98,20,33.5,69.7,29.9,10.9,83,0.783,228,0.465,153,0.32,0.471,0.508,21.2,4.8,7.5,5,25.6,1.2,0.5,2.55,9.5,100.1,110.4
,Christian Wood,Hou,F,25.59,38,32.2,67,25.8,9.6,179,0.631,407,0.59,183,0.377,0.582,0.598,21.1,9.8,16.1,1.6,8.9,0.84,1.21,1.87,8.6,111.6,108.1
,Pascal Siakam,Tor,F,27.07,50,35.6,74.2,25.8,10.3,275,0.84,614,0.507,219,0.292,0.489,0.548,20.9,7.2,11.1,4.6,21.1,1.08,0.72,2.2,9.9,112,106.3
,John Wall,Hou,G,30.64,40,32.2,67.1,31.8,14.7,211,0.749,477,0.449,249,0.317,0.458,0.503,20.6,3.2,5.3,6.9,36.6,1.05,0.78,3.53,9.6,99.2,115.2
,Kristaps Porzingis,Dal,F-C,25.74,39,31.4,65.4,26.7,6.9,133,0.85,389,0.542,240,0.363,0.543,0.579,20.4,9.3,16.1,1.6,8.6,0.49,1.46,1.31,8.6,115.9,104.8
,Terry Rozier,Cha,G,27.12,59,34.1,71.1,24.4,9.9,166,0.831,464,0.524,487,0.392,0.557,0.584,20.3,4.2,6.8,4.1,19.7,1.22,0.41,1.92,8.3,113.7,111.4
,Tobias Harris,Phi,F,28.79,53,32.8,68.3,24,10.1,181,0.89,615,0.551,180,0.406,0.564,0.605,20,7.1,11.9,3.7,18.2,0.94,0.87,1.85,9.8,118.7,104.2
,Khris Middleton,Mil,F,29.71,59,33.3,69.4,24.8,13.6,198,0.884,610,0.505,306,0.425,0.549,0.589,20,5.9,9.4,5.4,23.3,1.14,0.17,2.68,10.3,115.1,106
,Victor Oladipo,Ind,G,28.98,9,33.3,69.3,26.6,9.7,37,0.73,83,0.47,69,0.362,0.503,0.535,20,5.7,9.3,4.2,19.1,1.67,0.22,2,9.4,104.3,107
,Domantas Sabonis,Ind,F-C,24.99,53,35.7,74.4,24.2,16.6,297,0.731,625,0.568,139,0.302,0.547,0.588,19.9,11.6,17.6,6,25.2,1.13,0.55,3.36,12.5,113.3,103.5
,Evan Fournier,Orl,G-F,28.5,26,30.3,63,26.3,11.3,123,0.797,181,0.536,188,0.388,0.56,0.604,19.7,2.9,5,3.7,20.7,1.04,0.35,2.08,7.9,114.1,110.5
,Malik Beasley,Min,G,24.42,37,32.8,68.4,24.1,8.6,80,0.85,279,0.487,321,0.399,0.547,0.57,19.6,4.4,7.2,2.4,11.8,0.81,0.19,1.62,7.2,108.6,115.3
,Gordon Hayward,Cha,F,31.1,44,34,70.8,23.9,11,185,0.843,453,0.499,205,0.415,0.537,0.584,19.6,5.9,9.4,4.1,19.4,1.18,0.32,2.07,9.2,114.1,110.6
,Norman Powell,Tor,G,27.93,42,30.4,63.4,24.2,10.8,163,0.865,297,0.552,269,0.439,0.602,0.645,19.6,3,5.4,1.8,10,1.12,0.19,1.83,6.2,117.1,109.9
,Ja Morant,Mem,G,21.72,53,32.1,66.8,27.7,14.8,322,0.736,612,0.508,194,0.299,0.494,0.545,19.5,3.9,6.4,7.3,33.9,0.91,0.19,3.09,10.2,109.2,112.5
,D'Angelo Russell,Min,G,25.18,33,27.9,58.1,29.9,13.8,110,0.8,273,0.473,241,0.407,0.537,0.569,19.4,2.5,4.8,5.2,31.9,1,0.42,2.73,9.1,107.8,114.4
,Bam Adebayo,Mia,C-F,23.78,56,33.5,69.8,24.2,15,324,0.806,704,0.572,8,0.25,0.57,0.628,19.2,9.1,15.4,5.2,26.7,1.09,1.09,2.7,11.6,121,104.2
,Fred VanVleet,Tor,G,27.17,49,36.2,75.4,23.6,9.4,180,0.883,357,0.417,439,0.367,0.491,0.537,19.2,4.2,6.4,6.2,26.3,1.65,0.73,1.86,8.8,112.5,110.2
,Caris LeVert,Ind,G,26.68,25,32.1,66.8,26.3,8.9,94,0.787,273,0.516,136,0.272,0.48,0.518,18.7,4.6,7.7,4,19,1.6,0.6,1.76,8.7,104.5,109.4
,Michael Porter Jr.,Den,F,22.83,52,31.3,65.3,21.3,7.6,118,0.771,370,0.63,312,0.442,0.645,0.662,18.7,7.6,13.7,1,5,0.62,0.98,1.15,6.7,125.6,108.5
,Caris LeVert,Bro,G,26.68,12,27.8,57.9,31.4,10.8,34,0.765,137,0.474,63,0.349,0.49,0.516,18.5,4.3,8.7,6,34.2,1.08,0.5,2.17,11.2,107.8,110.5
,Kelly Olynyk,Hou,F-C,30.03,18,31,64.6,21.2,15.5,64,0.875,120,0.742,86,0.384,0.672,0.711,18.5,8,13.7,3,16.3,1.11,0.5,2.39,9.8,124.4,105.6
,Anthony Edwards,Min,G,19.73,63,31.5,65.7,27.1,10.6,221,0.774,597,0.464,450,0.316,0.468,0.503,18.3,4.6,7.8,2.7,13.7,1.21,0.41,2.16,7.7,97.9,114.1
,Kemba Walker,Bos,G,30.98,39,31.5,65.6,25.7,10.9,122,0.918,281,0.477,316,0.348,0.501,0.546,18.2,3.9,7,5,24.2,1.1,0.28,2.05,9,111.7,111.9
,John Collins,Atl,F-C,23.6,54,29.9,62.3,22.2,8.2,174,0.833,508,0.612,173,0.382,0.602,0.637,17.9,7.6,13.9,1.4,7.5,0.5,0.98,1.26,7.7,124.3,104.6
,Andrew Wiggins,Gol,F,26.18,62,33,68.7,23,10.2,218,0.706,576,0.519,318,0.377,0.536,0.562,17.9,4.8,7.8,2.4,11.1,1,0.97,1.81,7.2,106.1,109.2
,Darius Garland,Cle,G,21.26,52,33.8,70.4,25,15.9,130,0.846,528,0.477,260,0.4,0.518,0.548,17.8,2.4,4,6.2,30.6,1.25,0.12,3.08,7.6,104.9,112.2
,Eric Gordon,Hou,G,32.34,27,29.2,60.9,25.3,10.9,114,0.825,157,0.573,210,0.329,0.527,0.577,17.8,2.1,3.9,2.6,14.8,0.52,0.48,1.89,6.3,108.4,114.6
,RJ Barrett,Nyk,F-G,20.87,63,34.7,72.2,23.5,11,244,0.742,670,0.472,254,0.39,0.503,0.538,17.6,5.7,9,3,13.7,0.75,0.27,2.02,7.7,106.4,104.6
,Jordan Clarkson,Uta,G,28.89,58,26,54.2,29.3,9.5,108,0.926,376,0.519,504,0.347,0.52,0.547,17.5,4,8,2.3,14.2,0.86,0.16,1.67,8.4,107.8,105.3
,Andre Drummond,Cle,C,27.72,25,28.9,60.2,31.3,15.6,129,0.597,372,0.484,8,0,0.474,0.5,17.5,13.5,26.2,2.6,15.9,1.6,1.16,3.24,11.8,97.1,99.8
,Jrue Holiday,Mil,G,30.88,49,32,66.7,21.7,12.9,100,0.81,435,0.561,226,0.394,0.571,0.593,17.1,4.6,7.6,5.7,25.1,1.78,0.49,2.12,9.6,119.4,107.8
,Jonas Valanciunas,Mem,C,28.98,53,27.9,58.2,23.1,10.9,172,0.773,591,0.601,54,0.37,0.597,0.626,17,12.2,23.2,1.8,10.1,0.55,0.72,1.66,10.3,123,101.4
,Dillon Brooks,Mem,G-F,25.27,57,29.3,61,26,10.3,155,0.845,544,0.461,307,0.345,0.482,0.517,16.7,3,5.4,2.3,11.7,1.18,0.39,1.86,6.6,100.7,103.9
,Buddy Hield,Sac,G,28.36,61,34.2,71.3,20.5,10.5,92,0.848,228,0.456,624,0.393,0.553,0.572,16.7,4.5,7.4,3.2,13,0.85,0.43,1.72,7.3,109.2,115.3
,Kyle Lowry,Tor,G,35.1,44,34.7,72.3,21.3,16.5,152,0.882,252,0.488,308,0.383,0.536,0.585,16.7,5.4,8.6,7.3,31.4,1,0.27,2.82,10,115.3,107.5
,Norman Powell,Por,G,27.93,18,33.7,70.2,21.1,11.1,73,0.863,138,0.522,95,0.326,0.509,0.566,16.7,3.1,4.9,2,8.8,1.5,0.39,1.83,5.6,110.6,113.3
,Mike Conley,Uta,G,33.55,49,29.8,62,23.1,12.6,136,0.853,294,0.49,329,0.407,0.554,0.59,16.4,3.4,6.1,6,30.2,1.37,0.18,2,9.3,121.9,104.8
,Chris Paul,Pho,G,35.98,61,31.8,66.2,22.3,13.9,159,0.931,534,0.539,231,0.385,0.551,0.593,16.2,4.6,8.2,8.7,39.7,1.44,0.21,2.21,10.9,122.8,105.1
,Harrison Barnes,Sac,F,28.91,58,36.3,75.5,17.2,11.1,235,0.83,386,0.567,256,0.391,0.575,0.626,16.1,6.6,10.2,3.5,13,0.74,0.19,1.6,7.9,122.5,119
,De'Andre Hunter,Atl,F-G,23.41,20,31.2,65.1,19.7,9.5,75,0.867,136,0.596,87,0.356,0.572,0.625,16,5.1,9,2.1,10.3,0.9,0.5,1.35,7.1,121.4,107.2
,LaMelo Ball,Cha,G,19.69,41,28.6,59.7,25.5,16.5,123,0.789,310,0.503,216,0.375,0.528,0.562,15.9,5.9,11.2,6.1,34,1.59,0.34,2.8,11.6,110.5,103.5
,Gary Trent Jr.,Tor,G-F,22.28,14,31.2,65,22.4,4.4,16,0.813,110,0.464,99,0.364,0.502,0.516,15.9,3.4,6.1,1.4,6.9,1.21,0.21,0.71,5.4,101.1,112.3
,Bojan Bogdanovic,Uta,F,32.03,62,30.5,63.6,21.6,10.1,214,0.874,363,0.463,394,0.381,0.519,0.572,15.7,3.8,6.6,1.9,9,0.6,0.06,1.55,6.3,112,107.3
,Dejounte Murray,San,G,24.61,58,31.9,66.5,23.4,10,118,0.805,661,0.484,179,0.33,0.486,0.511,15.7,7.1,11.9,5.3,25.7,1.59,0.1,1.71,10.5,106.1,105.3
,OG Anunoby,Tor,F,23.78,41,33.1,69,18.9,12.1,97,0.773,236,0.581,244,0.398,0.589,0.612,15.6,5.6,9.3,2.1,9.8,1.56,0.68,1.76,6.9,113.7,107.1
,Tim Hardaway Jr.,Dal,G-F,29.12,60,28.2,58.7,23,6.3,140,0.793,321,0.505,441,0.376,0.539,0.566,15.6,3.4,6.5,1.7,8.9,0.42,0.15,0.92,6.4,111.8,112.2
,Terrence Ross,Orl,G-F,30.23,46,29.3,61,24.1,9.7,138,0.87,352,0.469,264,0.337,0.485,0.53,15.6,3.4,6.1,2.4,13.2,1.02,0.46,1.59,6.9,103.1,110.5
,Dennis Schroder,Lal,G,27.62,58,32.2,67,23,15.7,237,0.844,532,0.476,195,0.344,0.486,0.546,15.6,3.5,6,5.8,26.9,1.16,0.22,2.67,8.5,107.7,102.3
,T.J. Warren,Ind,F,27.65,4,29.4,61.1,21.6,6.7,10,0.8,44,0.614,7,0,0.529,0.56,15.5,3.5,6.5,1.3,6.6,0.5,0,1,5.6,107.1,104.4
,Clint Capela,Atl,C,26.95,55,30.4,63.4,20.1,8.4,196,0.577,622,0.59,0,0,0.59,0.598,15.4,14.6,26.3,0.8,4.4,0.71,2.13,1.18,7.4,123.7,103.7
,Kelly Oubre Jr.,Gol,F-G,25.39,55,30.7,63.9,22,8,177,0.695,439,0.519,285,0.316,0.501,0.529,15.4,6,10.4,1.3,6.5,1.04,0.76,1.27,6.4,103.3,107.4
,Derrick White,San,G,26.83,36,29.5,61.6,22.5,8.2,114,0.851,210,0.486,243,0.346,0.503,0.55,15.4,3,5.3,3.5,17.5,0.72,1,1.25,7.4,110.6,107.6
,Jaren Jackson Jr.,Mem,F-C,21.62,4,22,45.7,29.8,4.9,20,0.75,29,0.586,21,0.19,0.46,0.519,15.3,5.8,13.9,1.3,8.8,0.25,1.75,0.75,8.9,108.4,91.6
,Bogdan Bogdanovic,Atl,G,28.69,37,29,60.4,21.3,9.2,37,0.892,195,0.508,265,0.419,0.577,0.592,15.2,3.7,7.1,3.2,17.4,0.97,0.24,1.3,7.8,116.6,108.5
,Kevin Porter Jr.,Hou,G-F,20.98,22,31.8,66.2,24.8,19,71,0.761,168,0.506,129,0.287,0.473,0.51,15.2,3.8,6.4,6.2,30.6,0.82,0.32,3.5,8.9,97.7,111
,Gary Trent Jr.,Por,G-F,22.28,41,30.8,64.1,20,5.3,75,0.773,219,0.438,305,0.397,0.53,0.55,15,2.2,3.9,1.4,6.8,0.9,0.15,0.76,4.7,112.3,116.9
,Tyler Herro,Mia,G,21.27,48,30.7,63.9,23.5,11.9,110,0.809,365,0.488,262,0.344,0.499,0.529,14.9,4.8,8.9,3.4,17.9,0.71,0.35,1.9,8.1,101.3,109.7
,Deandre Ayton,Pho,C,22.77,62,30.7,64,18.8,11.9,159,0.761,620,0.634,20,0.2,0.623,0.647,14.8,10.7,19.7,1.4,6.9,0.58,1.1,1.55,7.9,125.7,101.4
,Coby White,Chi,G,21.2,59,30.9,64.3,22.5,14,127,0.913,390,0.482,366,0.344,0.499,0.536,14.7,4.1,7.4,4.6,21.4,0.54,0.2,2.24,8.4,104.9,108.7
,Aaron Gordon,Orl,F,25.62,25,29.4,61.3,23.9,16.5,105,0.629,181,0.475,112,0.375,0.509,0.537,14.6,6.6,11.8,4.2,22.8,0.64,0.8,2.68,10.1,102.9,109.5
,Devonte' Graham,Cha,G,26.18,50,30.2,62.8,21.5,10.5,136,0.816,179,0.374,433,0.374,0.507,0.544,14.6,2.7,4.9,5.4,26.4,0.94,0.12,1.58,7.9,113.5,113.1
,Ben Simmons,Phi,G-F,24.77,50,32.7,68.1,20.8,20.4,267,0.61,504,0.556,10,0.3,0.554,0.58,14.6,7.5,12.6,7,31.6,1.64,0.66,3.24,11.2,112.1,99.8
,Joe Harris,Bro,G-F,29.64,62,30.9,64.4,16.3,7.1,59,0.78,236,0.564,405,0.481,0.664,0.672,14.5,3.6,6.4,1.9,8.6,0.69,0.21,0.82,6,128.1,111.8
,Rudy Gobert,Uta,C,28.84,61,31,64.6,16.9,13.2,331,0.619,495,0.681,3,0,0.677,0.683,14.4,13.4,22.9,1.3,6.1,0.54,2.84,1.61,8.1,130.6,98.8
,Thomas Bryant,Was,C-F,23.75,10,27.1,56.4,17.3,9.8,24,0.667,70,0.714,21,0.429,0.698,0.704,14.3,6.1,11.9,1.5,8.4,0.4,0.8,1.1,7.5,131,104.8
,Richaun Holmes,Sac,F,27.54,53,29.6,61.7,17.2,10.2,150,0.793,486,0.652,10,0.2,0.645,0.675,14.3,8.7,16.3,1.6,7.7,0.64,1.6,1.21,7.9,131.1,108.1
,Lauri Markkanen,Chi,F-C,23.94,42,26.7,55.6,20.5,8.1,81,0.84,199,0.593,252,0.393,0.591,0.617,14.3,5.3,11,0.9,5,0.45,0.29,1.02,6.1,115.3,110.6
,Lonzo Ball,Nor,G,23.51,48,31.4,65.3,20,14.3,50,0.78,205,0.498,382,0.382,0.547,0.559,14.2,4.4,7.7,5.8,25.8,1.46,0.58,2.13,9.1,111.9,110
,Luguentz Dort,Okc,G,22.03,47,29.8,62.1,21.4,10.1,152,0.75,275,0.458,291,0.347,0.49,0.529,14.2,3.7,6.5,1.6,8.3,0.94,0.4,1.51,5.9,101.8,108.4
,Al Horford,Okc,C-F,34.9,28,27.9,58.2,21.8,7.3,22,0.818,208,0.51,152,0.368,0.528,0.538,14.2,6.7,12.6,3.4,20.1,0.89,0.93,1.04,9.8,111.1,108.2
,Derrick Rose,Det,G,32.57,15,22.8,47.4,30,12.3,50,0.84,145,0.455,39,0.333,0.465,0.517,14.2,1.9,4.7,4.2,32.5,1.2,0.27,1.93,8.5,104.1,111.2
,Kendrick Nunn,Mia,G,25.74,48,29.2,60.7,20.9,10.9,52,0.923,280,0.557,275,0.382,0.565,0.584,14.1,3.3,6.3,2.7,15.3,0.98,0.25,1.48,6.9,108.2,107.5
,Montrezl Harrell,Lal,F-C,27.26,61,23.9,49.7,21.5,9.4,224,0.714,544,0.636,10,0,0.625,0.653,14,6.5,15.2,1.1,7.6,0.72,0.72,1.11,7.8,126.9,100.7
,Jarrett Allen,Cle,C,23.02,41,30,62.5,17.1,12,190,0.7,327,0.645,14,0.357,0.641,0.671,13.9,9.8,18.2,1.6,8.4,0.46,1.56,1.41,8,128.4,109.9
,Marvin Bagley III,Sac,F,22.13,37,25.7,53.6,23.2,9.6,109,0.56,320,0.547,96,0.354,0.543,0.553,13.9,7.4,16.1,0.9,5.5,0.49,0.51,1.32,7,109,111.5
,LaMarcus Aldridge,San,C-F,35.78,21,25.9,54,22.8,7,37,0.838,173,0.509,75,0.36,0.518,0.545,13.7,4.5,9.2,1.7,10.3,0.38,0.86,0.95,7.3,107.3,108.8
,Josh Jackson,Det,G-F,24.21,56,25,52.2,26.6,14.5,193,0.731,419,0.494,230,0.304,0.481,0.521,13.7,4,9,2.2,14.5,0.86,0.73,2.21,7.9,97.6,103.7
,Carmelo Anthony,Por,F,36.92,61,24.8,51.6,23.5,7,143,0.881,415,0.431,290,0.4,0.501,0.542,13.6,3.2,7,1.5,9.4,0.72,0.57,0.95,6.5,110.3,111.7
,Chris Boucher,Tor,F-C,28.3,59,24,50,20.6,6.8,188,0.787,319,0.611,226,0.389,0.6,0.639,13.6,6.7,15.4,1.1,7.2,0.58,1.86,0.78,7.7,127.9,102.5
,Marcus Morris Sr.,Lac,F,31.66,50,26.5,55.2,20.2,7.4,72,0.806,258,0.465,272,0.471,0.589,0.607,13.6,4.2,8.8,1,5.6,0.64,0.26,0.9,5.8,116.4,106.7
,Derrick Rose,Nyk,G,32.57,27,26.1,54.3,24,8.9,61,0.852,255,0.482,65,0.354,0.492,0.529,13.6,2.6,5.3,4.1,26.1,0.93,0.52,1.26,8.1,111.2,108.7
,Marcus Smart,Bos,G,27.15,42,32.7,68.1,18.7,12.7,153,0.797,201,0.488,252,0.337,0.498,0.551,13.6,3.3,5.7,5.5,23.2,1.55,0.5,1.81,7.7,116.1,108.3
,Darius Bazley,Okc,F-G,20.88,46,31.3,65.2,21.1,13.6,130,0.708,320,0.494,237,0.291,0.469,0.501,13.4,7.4,12.4,1.6,7.9,0.57,0.54,2.11,6.9,93,111.5
,Rui Hachimura,Was,F,23.22,49,31.7,66,17.8,9.2,147,0.769,421,0.513,119,0.319,0.506,0.545,13.4,5.6,9.4,1.5,6.6,0.86,0.1,1.24,6.1,106.1,109.1
,Wendell Carter Jr.,Orl,C-F,22.04,16,27.2,56.7,19.9,11,55,0.709,134,0.582,20,0.3,0.565,0.598,13.3,8.9,17.2,1.6,9.8,1,0.94,1.38,8.4,118,104.4
,Danilo Gallinari,Atl,F,32.72,43,23.8,49.6,21.6,7.7,157,0.936,183,0.443,218,0.399,0.527,0.606,13.3,4,9.3,1.4,8.8,0.51,0.16,0.91,7.1,120.9,107.1
,Shake Milton,Phi,G-F,24.59,54,23.6,49.2,25.2,12.5,158,0.835,412,0.49,174,0.345,0.498,0.546,13.3,2.4,5.5,3,19.6,0.65,0.26,1.74,7.8,107.4,104.1
,Mikal Bridges,Pho,F,24.66,62,32.8,68.2,14.9,7.7,113,0.823,305,0.643,272,0.401,0.623,0.648,13.1,4.4,7.6,2.2,9,0.98,0.85,0.84,6.1,127.9,109.8
,Doug McDermott,Ind,F,29.32,55,24,50.1,20,7.1,80,0.813,307,0.638,231,0.377,0.607,0.626,13.1,3.6,8.1,1.3,8.1,0.31,0.07,0.8,6.6,120.1,111.8
,Malik Monk,Cha,G,23.23,32,21.7,45.2,24.7,11.8,65,0.815,157,0.497,165,0.424,0.568,0.598,13.1,2.7,6.7,1.9,14.2,0.5,0.13,1.47,7.5,109.6,111.8
,Goran Dragic,Mia,G,34.98,42,26.5,55.3,24,16.9,106,0.821,249,0.498,196,0.357,0.515,0.554,13,3.4,7.3,4.5,27.2,0.71,0.14,2.38,8.8,104.1,105.5
,Markelle Fultz,Orl,G,22.92,8,26.9,56,26.2,13.8,19,0.895,88,0.42,16,0.25,0.413,0.458,12.9,3.1,6.1,5.4,32.8,1,0.25,2.25,8.9,96,108.7
,Keldon Johnson,San,F-G,21.55,58,28.7,59.8,19.1,8.6,164,0.726,440,0.536,154,0.338,0.529,0.561,12.9,6.4,11.8,1.7,8.8,0.57,0.41,1.09,7.2,111.7,107
,Duncan Robinson,Mia,F,27.02,63,32,66.7,16.3,9.9,61,0.836,92,0.63,537,0.402,0.607,0.621,12.9,3.6,6.3,1.8,8.4,0.54,0.24,1.14,5.5,111.2,106.8
,LaMarcus Aldridge,Bro,C-F,35.78,5,26,54.3,19.9,11.8,10,1,43,0.488,5,0.8,0.563,0.611,12.8,4.8,10.3,2.6,14.3,0.6,2.2,1.4,8.3,116.6,107.4
,Tyrese Haliburton,Sac,G,21.16,56,30.1,62.7,18,12.2,52,0.846,313,0.527,284,0.405,0.565,0.58,12.8,3,5.5,5.3,24.2,1.32,0.48,1.54,7.8,117.6,118.2
,Kyle Kuzma,Lal,F,25.77,59,28.6,59.6,20.7,12.4,81,0.679,332,0.515,336,0.357,0.525,0.538,12.8,6.4,12.5,1.8,9.5,0.49,0.58,1.69,7.4,103.8,104
,Will Barton,Den,G,30.31,56,31,64.6,19.1,12.7,121,0.785,351,0.459,257,0.381,0.507,0.538,12.7,4,7.4,3.2,14,0.89,0.41,1.71,7,106.9,111.2
,Alec Burks,Nyk,G,29.78,44,25.8,53.7,21,8.2,111,0.865,226,0.42,218,0.408,0.515,0.561,12.6,4.5,9.5,2.2,12.9,0.68,0.27,1,7.7,113.6,103.2
,Myles Turner,Ind,C-F,25.1,47,31,64.5,16.5,11.9,142,0.782,226,0.606,206,0.335,0.557,0.599,12.6,6.5,11.4,1,4.5,0.85,3.38,1.43,5.6,111.6,104.1
,P.J. Washington,Cha,F,22.68,55,29.9,62.2,19.3,15.4,133,0.752,336,0.473,228,0.399,0.524,0.555,12.6,6.2,11.4,2.6,12.8,0.96,1.27,2.05,7.9,104.9,106
,Jalen Brunson,Dal,G,24.66,57,25.2,52.6,20,10.8,136,0.787,352,0.585,167,0.389,0.585,0.617,12.5,3.6,7.8,3.5,20.7,0.51,0,1.23,8.6,122.4,110.3
,Blake Griffin,Det,F,32.12,20,31.3,65.2,19.6,11.4,62,0.71,98,0.429,124,0.315,0.453,0.491,12.3,5.2,9.2,3.9,18.4,0.7,0.1,1.6,8,101.1,108.8
,Kevin Huerter,Atl,G-F,22.67,62,31.3,65.2,17.2,9.6,62,0.79,314,0.522,352,0.366,0.537,0.551,12.3,3.3,5.8,3.5,16.6,1.24,0.24,1.19,6.7,113,108.7
,Josh Richardson,Dal,G,27.62,48,31.7,66.1,17.7,10.8,95,0.905,273,0.524,228,0.316,0.501,0.542,12.3,3.5,6,2.8,12.2,0.88,0.44,1.38,6.2,109.5,109.5
,Seth Curry,Phi,G,30.68,49,28.7,59.8,17.3,10.2,67,0.896,244,0.48,237,0.426,0.558,0.585,12.2,2.1,4,2.7,13.6,0.78,0.16,1.18,5.7,114.4,108
,Gary Harris,Orl,G,26.62,10,28,58.3,20.8,7.5,39,0.872,74,0.351,33,0.364,0.411,0.491,12.2,1.9,3.6,2.7,14.5,0.5,0.4,1,5.7,104.2,112.7
,Joe Ingles,Uta,F-G,33.57,57,27.4,57.1,16.3,15.9,74,0.851,125,0.592,339,0.478,0.683,0.702,12.2,3.7,7.1,4.4,22.9,0.67,0.21,1.65,8.5,131.6,105.2
,Kyle Anderson,Mem,F-G,27.61,59,27.1,56.5,18.4,10.3,155,0.781,337,0.537,220,0.345,0.53,0.569,12.1,5.9,11.7,3.5,17.8,1.25,0.78,1.22,9.3,116,106.5
,Miles Bridges,Cha,F,23.11,62,28.9,60.2,16.8,14.3,99,0.859,296,0.588,259,0.409,0.6,0.627,12.1,6.1,11.5,2.2,11.1,0.68,0.76,1.61,7.6,115.1,107.9
,Lou Williams,Lac,G,34.51,42,21.9,45.5,26.4,12,119,0.866,311,0.437,119,0.378,0.473,0.529,12.1,2.1,5.4,3.4,23.2,0.93,0.1,1.57,8.1,107.9,110.8
,Lou Williams,Atl,G,34.51,15,24.1,50.2,24.5,12.8,41,0.878,118,0.39,41,0.439,0.459,0.514,12.1,2,4.6,3.5,22,0.53,0.07,1.73,7.3,104,114.2
,Thaddeus Young,Chi,F,32.85,58,24.1,50.3,21.8,16.3,86,0.628,516,0.599,37,0.27,0.586,0.594,12.1,6.1,14.2,4.2,27.1,1.14,0.55,1.98,11.2,117.2,104.2
,Cole Anthony,Orl,G,20.95,37,27,56.3,22.9,13.4,91,0.813,287,0.429,130,0.315,0.442,0.485,12,4.5,8.7,4.4,25.3,0.62,0.46,1.92,9.2,99.8,109.3
,Eric Bledsoe,Nor,G,31.39,61,29.7,62,18.2,12.4,154,0.714,306,0.477,311,0.35,0.502,0.532,12,3.4,6.3,3.7,16.6,0.79,0.28,1.59,7.2,107.7,112.6
,Victor Oladipo,Mia,G,28.98,4,27.8,57.9,26.3,21.6,18,0.667,26,0.462,17,0.235,0.419,0.471,12,3.5,7.1,3.5,19.3,1.75,0.5,3.5,7.6,85.5,99.7
,Hamidou Diallo,Okc,G,22.75,32,23.8,49.5,22.7,12.1,132,0.629,256,0.512,41,0.293,0.502,0.536,11.9,5.2,11.3,2.4,16.4,0.97,0.38,1.53,8.9,105.8,103.5
,Andre Drummond,Lal,C,27.72,11,25.2,52.5,22.8,17.9,39,0.641,102,0.52,0,0,0.52,0.55,11.9,10.5,23.2,1.7,10.5,1.55,0.91,2.36,9.5,103,88.6
,Cory Joseph,Det,G,29.69,16,26,54.2,19.4,14.5,38,0.868,111,0.55,31,0.387,0.556,0.602,11.9,3.1,6.5,5.4,33.1,1.19,0.44,1.69,9,120.3,107.5
,George Hill,Okc,G,34.99,14,26.3,54.9,16.6,8.4,25,0.84,63,0.619,57,0.386,0.6,0.63,11.8,2.1,4.1,3.1,18.2,0.86,0.14,0.86,6.5,126.5,115.2
,Enes Kanter,Por,C,28.94,62,25.4,53,17.5,11.1,146,0.781,506,0.609,1,0,0.607,0.639,11.8,11.4,24,1.3,7.7,0.48,0.69,1.15,8.8,132.5,106.1
,Brook Lopez,Mil,C,33.07,60,27.2,56.6,16.4,8.2,110,0.855,274,0.62,261,0.349,0.573,0.606,11.8,4.9,9.5,0.7,3.5,0.62,1.4,0.87,5,119.5,106.7
,Immanuel Quickley,Nyk,G,21.87,58,19.5,40.6,26,8,162,0.895,259,0.402,279,0.387,0.494,0.556,11.7,2.2,6.2,2.1,17.2,0.48,0.21,0.91,7.8,114.1,103.7
,James Wiseman,Gol,C,20.08,39,21.4,44.7,23.8,12.9,86,0.628,330,0.542,38,0.316,0.535,0.552,11.5,5.8,14.4,0.7,5,0.28,0.92,1.54,6.7,99.5,98.8
,Davis Bertans,Was,F,28.46,47,25,52.1,16.1,5.9,91,0.89,39,0.436,350,0.4,0.584,0.623,11.4,3.1,6.5,0.9,4.7,0.57,0.26,0.57,5.1,120.5,107.5
,Kevin Love,Cle,F-C,32.64,19,23.7,49.5,22.6,11.2,41,0.805,70,0.5,119,0.319,0.487,0.524,11.4,6.6,15.7,2.5,16.2,0.63,0.11,1.37,9.7,104.3,109.7
,Patty Mills,San,G,32.71,58,25.3,52.8,18.6,8.6,69,0.913,163,0.509,379,0.38,0.552,0.577,11.4,1.7,3.6,2.4,13.8,0.62,0.03,0.93,5.7,112.6,112.6
,Bobby Portis,Mil,F,26.21,57,21,43.8,20.6,8.3,56,0.75,375,0.541,140,0.479,0.589,0.601,11.4,7,17.4,1.1,7.5,0.72,0.39,0.86,8.5,120,102.4
,Saddiq Bey,Det,F,22.06,60,25.8,53.8,18.1,7.4,116,0.871,177,0.458,369,0.377,0.53,0.569,11.3,4.2,9.1,1.2,7.3,0.73,0.15,0.8,6,112.2,109.4
,Jarrett Allen,Bro,C,23.02,12,26.6,55.5,15.5,19.3,61,0.754,65,0.677,0,0,0.677,0.73,11.2,10.4,21.8,1.7,8.3,0.58,1.58,1.83,8.8,134.3,106.7
,Rudy Gay,San,F-G,34.7,53,21.7,45.2,23.3,8.6,87,0.793,297,0.444,226,0.381,0.499,0.526,11.2,4.8,11.8,1.5,10,0.7,0.58,1,8,102.9,104.3
,Elfrid Payton,Nyk,G,27.18,54,25,52.1,23.4,12.9,102,0.686,482,0.471,93,0.29,0.465,0.488,11.2,3.6,7.8,3.4,21.9,0.76,0.17,1.7,8.2,101.2,105.6
,Cam Reddish,Atl,F-G,21.66,26,28.9,60.1,19.3,10.2,82,0.817,137,0.46,126,0.262,0.428,0.488,11.2,4,7.6,1.3,6.6,1.27,0.35,1.31,5.4,99.1,106.4
,Jae'Sean Tate,Hou,F,25.5,62,29.2,60.9,15.7,11.3,119,0.714,372,0.618,166,0.295,0.564,0.586,11.2,5.3,9.7,2.3,12.2,1.29,0.55,1.21,7.1,117.2,105.9
,Aaron Gordon,Den,F,25.62,17,26.3,54.9,17.3,11.8,33,0.727,94,0.638,48,0.313,0.581,0.604,11.1,4.8,10.4,2.4,12.3,0.76,0.53,1.24,7.7,119,109.4
,Grayson Allen,Mem,G,25.56,48,25.6,53.2,17,9.5,87,0.862,139,0.475,270,0.396,0.554,0.59,11,3.2,6.7,2.1,11.2,0.94,0.17,0.98,6.6,115.4,110
,Naz Reid,Min,C-F,21.67,61,19.2,39.9,22.4,9.8,148,0.73,351,0.587,146,0.349,0.568,0.599,11,4.5,12.6,1,8.9,0.49,1.07,1,7.6,114,104.8
,Wendell Carter Jr.,Chi,C-F,22.04,32,24.7,51.5,19.1,14,111,0.739,230,0.526,22,0.364,0.528,0.578,10.9,7.8,17.6,2.2,12.2,0.56,0.75,1.53,9.3,114.9,101.4
,Serge Ibaka,Lac,F,31.61,39,23.6,49.1,19.8,10.7,45,0.822,239,0.577,108,0.352,0.562,0.582,10.9,6.7,15.9,1.7,10.8,0.23,1.18,1.13,8.5,116.9,105.5
,Jordan Poole,Gol,G,21.86,41,18.5,38.6,24.6,8.9,80,0.888,158,0.506,206,0.35,0.516,0.56,10.9,1.6,4.7,1.9,15.7,0.54,0.17,0.95,6.9,107.7,107.7
,Lonnie Walker IV,San,G-F,22.37,49,24.9,51.9,20.2,9.6,64,0.797,261,0.464,221,0.357,0.497,0.519,10.8,2.6,5.4,1.6,9.3,0.49,0.29,1.1,5.7,98.9,109.3
,Dwayne Bacon,Orl,G-F,25.66,62,25.5,53.1,19.3,5.5,142,0.831,422,0.445,183,0.306,0.45,0.496,10.7,3,6.2,1.2,7.3,0.56,0.06,0.63,5.3,102,112.2
,Brandon Clarke,Mem,F-G,24.61,51,24.8,51.6,17.3,6,97,0.68,375,0.557,67,0.284,0.537,0.558,10.6,5.5,11.9,1.7,9.7,1.04,0.84,0.61,7.5,117.2,108.3
,Daniel Gafford,Was,F-C,22.58,13,17.8,37.1,20.7,10.4,42,0.619,85,0.659,0,0,0.659,0.667,10.6,6,17.9,0.5,4.1,0.77,2,0.92,7.1,126.1,103
,Jeff Green,Bro,F,34.67,58,27.2,56.6,15.4,8.3,130,0.785,243,0.556,211,0.384,0.565,0.602,10.6,3.8,7.8,1.6,8,0.57,0.43,0.79,5.9,118.8,110.9
,Reggie Bullock,Nyk,G-F,30.12,56,29,60.4,14.4,7.4,42,0.881,139,0.518,330,0.412,0.588,0.604,10.5,3.4,6.3,1.5,7.4,0.77,0.16,0.7,5.2,118.1,105.1
,Reggie Jackson,Lac,G,31.04,60,22.9,47.6,19.9,11,77,0.805,281,0.459,235,0.438,0.549,0.572,10.5,2.9,7.1,3.2,19.8,0.6,0.1,1.13,8,115.9,106.3
,Justin Holiday,Ind,F-G,32.07,61,30.7,64,14,8,69,0.783,146,0.486,390,0.374,0.541,0.56,10.4,3.7,6.5,1.7,7.1,1.2,0.44,0.8,5.2,109.2,111.1
,Ty Jerome,Okc,G-F,23.81,29,24.3,50.6,18.6,14,28,0.714,99,0.485,152,0.408,0.562,0.573,10.4,2.9,6.1,3.6,22.7,0.62,0.14,1.48,7.9,110.8,110
,Jusuf Nurkic,Por,C,26.68,27,23.1,48,21.8,17.4,78,0.641,202,0.505,25,0.36,0.509,0.538,10.4,8.4,19.4,3.3,21.4,0.96,0.96,2.04,11.4,109.3,102.1
,Delon Wright,Det,G,29.01,36,29.2,60.9,15.8,12.6,90,0.789,204,0.515,89,0.348,0.517,0.562,10.4,4.6,8.7,5,25.7,1.58,0.53,1.33,8.5,119.3,110.4
,Donte DiVincenzo,Mil,G,24.24,57,27.5,57.2,17,13.1,57,0.737,233,0.464,292,0.377,0.52,0.534,10.3,5.5,10.6,3.1,14.3,1.16,0.21,1.46,8.1,109.6,106.7
,Monte Morris,Den,G,25.84,44,26.1,54.5,16.3,7.5,71,0.789,235,0.532,130,0.377,0.544,0.572,10.3,2.2,4.7,3.2,16.5,0.7,0.3,0.73,6.4,120.7,114.1
,Mason Plumlee,Det,F-C,31.15,55,26.8,55.8,16.2,18.9,169,0.669,364,0.626,7,0,0.615,0.639,10.3,9.3,19.3,3.6,20.8,0.76,0.87,1.89,10.5,121.9,99.6
,Nickeil Alexander-Walker,Nor,G,22.66,41,20.7,43.2,22.8,12.4,52,0.75,191,0.487,187,0.348,0.504,0.524,10.2,3.1,8.2,2,13.7,0.98,0.51,1.39,7.7,100.7,106.5
,Jeremy Lamb,Ind,G-F,28.91,36,21.3,44.3,18.5,6.6,75,0.947,148,0.459,128,0.406,0.529,0.587,10.1,3.6,9.3,1.5,9.6,0.94,0.64,0.61,7.1,118.9,106.3
,Taurean Prince,Cle,G,27.1,29,23.7,49.4,19.7,11.6,49,0.837,135,0.385,118,0.415,0.496,0.532,10.1,3.7,8.8,2.4,15.2,0.69,0.52,1.24,7.6,105.6,108.8
,De'Anthony Melton,Mem,G,22.92,41,20.6,42.9,19.7,12.7,45,0.778,157,0.484,167,0.443,0.577,0.595,10,3.2,8.3,2.7,18.5,1.22,0.49,1.22,8.6,114.3,105.1
,Kelly Olynyk,Mia,F-C,30.03,43,26.9,56,17.5,12.3,40,0.775,134,0.634,242,0.318,0.533,0.549,10,6.1,12.8,2.1,12,0.93,0.6,1.28,7.5,105.2,100.1
,Otto Porter Jr.,Chi,F,27.9,25,21.6,45,19.5,10.3,37,0.838,107,0.477,95,0.4,0.535,0.566,9.9,5.5,14.3,2,13,0.48,0.16,1,8.8,113.6,108
,Khem Birch,Tor,C,28.58,9,27.3,56.8,13.6,7.8,19,0.579,53,0.642,10,0.3,0.611,0.617,9.8,7.1,14.4,1.1,6,0.89,1.44,0.67,6.2,130.4,108.1
,Jae Crowder,Pho,F,30.81,55,27.4,57.1,15.6,9.9,67,0.761,105,0.467,341,0.381,0.547,0.567,9.8,4.8,9.9,2.1,10.2,0.82,0.4,0.95,6.7,111.6,105.7
,Blake Griffin,Bro,F,32.12,16,21,43.8,19.1,14.2,41,0.78,64,0.578,45,0.378,0.573,0.618,9.8,4.7,12.4,2.4,15.8,0.88,0.56,1.31,9.1,119.6,101.7
,Cameron Johnson,Pho,F,25.15,56,23.9,49.9,16.9,7.5,52,0.865,137,0.591,311,0.363,0.559,0.58,9.8,3.3,7.7,1.5,8.2,0.57,0.29,0.68,6.1,114.1,108.6
,Theo Maledon,Okc,G,19.88,56,27.5,57.3,18.9,18.3,109,0.743,252,0.397,258,0.349,0.461,0.494,9.8,3.4,6.5,3.5,18.7,0.89,0.13,2.23,7.1,94,109.3
,Ben McLemore,Lal,G,28.21,11,17.9,37.2,22.2,9,21,0.762,18,0.556,64,0.375,0.561,0.592,9.8,1.8,5.7,0.5,4.6,0.18,0.27,0.82,4.6,110.3,97.7
,Cedi Osman,Cle,F,26.06,52,24.7,51.6,20.1,9.8,82,0.768,220,0.445,278,0.302,0.45,0.478,9.8,3.3,7.5,2.7,16.3,0.92,0.17,1.12,7.2,100.2,109
,Dorian Finney-Smith,Dal,F,27.99,50,32.3,67.2,11.9,7.2,33,0.818,135,0.593,252,0.393,0.59,0.603,9.7,5.6,9.5,1.6,6.6,0.92,0.42,0.62,5.5,125.5,108.7
,Gary Harris,Den,G,26.62,19,30.6,63.8,13.8,7.6,30,0.733,81,0.556,75,0.32,0.519,0.544,9.7,2.5,4.6,1.7,7.1,0.89,0.21,0.74,4.5,112,111.5
,Mike Muscala,Okc,F-C,29.83,35,18.4,38.4,20.1,6.9,36,0.917,83,0.614,184,0.37,0.573,0.599,9.7,3.8,10.7,0.8,7,0.23,0.31,0.6,6.7,115.3,107.8
,Daniel Theis,Chi,F,29.07,17,23.7,49.5,17.4,11.7,30,0.633,86,0.674,44,0.227,0.562,0.576,9.7,5.3,12.5,2,11.9,0.47,0.65,1.12,7.9,113.6,108.4
,Kentavious Caldwell-Pope,Lal,G,28.19,57,27.6,57.6,14.5,11.1,85,0.859,182,0.451,246,0.419,0.553,0.587,9.6,2.6,5.4,1.6,8.3,0.84,0.35,1.02,5,112,105.4
,DeMarcus Cousins,Hou,C,30.71,25,20.2,42.2,23.2,14.2,59,0.746,94,0.426,116,0.336,0.469,0.511,9.6,7.6,20.1,2.4,18.1,0.84,0.72,1.56,11.1,101.5,96.3
,Wayne Ellington,Det,G,33.41,44,21.9,45.6,16.4,8,35,0.8,60,0.55,259,0.421,0.616,0.629,9.6,1.9,4.7,1.4,10.1,0.39,0.2,0.66,5.4,119.6,111.9
,Bryn Forbes,Mil,G,27.77,60,19.1,39.7,18.5,6.9,52,0.769,158,0.5,288,0.434,0.598,0.611,9.6,1.5,4,0.6,4.3,0.32,0,0.58,4.3,115.8,111
,Furkan Korkmaz,Phi,G-F,23.77,49,19.7,41,20.5,9.3,79,0.734,141,0.454,242,0.388,0.535,0.56,9.6,2,5.6,1.3,9.8,0.96,0.16,0.88,5.9,108.7,105.7
,Yogi Ferrell,Cle,G,20,2,20.3,42.2,26.8,12.1,2,0,12,0.417,9,0.333,0.452,0.434,9.5,3.5,9.7,2.5,20.3,1.5,0.5,1.5,8.6,90.2,104.7
,Danny Green,Phi,G,33.85,60,28.2,58.8,13.8,11,35,0.771,100,0.44,368,0.413,0.581,0.591,9.5,3.7,7.3,1.7,8.3,1.33,0.85,1,5.5,114.2,104.8
,Jaylen Nowell,Min,G,21.81,38,18.8,39.1,21.7,7.3,51,0.824,179,0.497,139,0.338,0.502,0.53,9.5,2.3,6.8,1.6,12.9,0.55,0.26,0.71,7,106.7,110.5
,Eric Paschall,Gol,F,24.48,39,17.3,36.1,23.5,11,89,0.719,240,0.529,53,0.321,0.52,0.555,9.5,3.2,9.8,1.3,11.8,0.31,0.18,1.05,7.9,105.1,105.8
,Daniel Theis,Bos,F-C,29.07,42,24.5,50.9,15,11.4,67,0.687,193,0.653,95,0.347,0.609,0.625,9.5,5.2,11.9,1.6,9.3,0.6,1.02,0.98,7,122.1,103
,Oshae Brissett,Ind,F-G,22.86,10,20,41.6,15.6,4.1,27,0.741,27,0.593,31,0.452,0.638,0.673,9.4,4.9,13.3,0.6,4.1,0.6,1,0.3,6,137,110.2
,Svi Mykhailiuk,Okc,G-F,23.89,22,23.7,49.4,19.1,16.7,15,0.667,95,0.547,93,0.333,0.524,0.532,9.4,3.3,7.3,1.8,11.6,0.73,0.23,1.77,6.5,95,113.3
,Landry Shamet,Bro,G,24.13,51,22.2,46.3,17.4,9.2,65,0.862,106,0.472,278,0.388,0.552,0.582,9.4,1.8,4.5,1.5,9,0.53,0.1,0.82,5.3,112.1,111.8
,Larry Nance Jr.,Cle,F-C,28.32,35,31.2,65,13.9,15.8,49,0.612,158,0.551,114,0.36,0.546,0.557,9.3,6.7,12.1,3.1,14.2,1.74,0.49,1.57,7.4,108.9,107.6
,D.J. Augustin,Hou,G,33.47,14,19.2,39.9,20.7,16.2,34,0.971,44,0.477,50,0.36,0.511,0.592,9.2,2.3,6.3,4,31.4,0.43,0,1.5,9.1,117.7,112.3
,Josh Hart,Nor,G,26.15,47,28.7,59.8,13.6,11.8,89,0.775,150,0.587,193,0.326,0.532,0.568,9.2,8,15.4,2.3,10.5,0.81,0.26,1.09,7.7,115.5,106.2
,David Nwaba,Hou,G-F,28.29,30,22.6,47.1,16.6,6.4,68,0.691,154,0.578,63,0.27,0.528,0.559,9.2,3.9,9.2,1,7,1,0.7,0.57,5.8,115,108
,Ivica Zubac,Lac,C,24.12,64,22.5,46.8,15.4,14.8,156,0.788,356,0.652,3,0,0.646,0.686,9.2,7.3,18.2,1.3,7.8,0.38,0.88,1.16,7.9,133.8,101.2
,Desmond Bane,Mem,G,22.84,57,22,45.8,16.1,10.1,43,0.837,197,0.487,213,0.455,0.589,0.605,9.1,3,7.2,1.7,10.4,0.61,0.19,0.84,6.5,115.3,107.1
,James Johnson,Nor,F,34.19,12,25.6,53.3,17.6,14.1,24,0.708,62,0.5,37,0.27,0.465,0.497,9.1,3.9,8.4,2.6,13.5,0.83,1.25,1.5,7.1,100.2,105.1
,Isaiah Roby,Okc,F,23.23,51,23.7,49.4,17.7,19,104,0.731,272,0.551,88,0.33,0.538,0.571,9.1,5.8,12.7,1.9,12.2,0.84,0.67,1.86,7.8,104.5,103
,Dario Saric,Pho,F-C,27.06,41,17.5,36.5,23.4,13.5,78,0.872,175,0.526,118,0.339,0.519,0.568,9.1,4,12.8,1.3,10.9,0.59,0.07,1.24,8.3,108.2,100.4
,Patrick Williams,Chi,F,19.67,61,28,58.3,14.7,14.6,99,0.758,332,0.515,121,0.38,0.53,0.559,9.1,4.6,9.2,1.4,6.7,0.87,0.64,1.39,5.5,103.8,109.4
,Cody Zeller,Cha,F-C,28.56,39,20.9,43.5,18.1,11.7,89,0.742,236,0.589,26,0.154,0.553,0.591,9.1,6.9,18,1.9,13.9,0.59,0.36,1.03,9.4,122.3,102.2
,Tony Bradley,Okc,C-F,23.3,16,18.4,38.4,18.7,17.1,34,0.706,90,0.656,2,0,0.641,0.664,8.9,6.1,17.4,0.8,7.3,0.5,0.69,1.38,7.6,118.9,105.4
,R.J. Hampton,Orl,G,20.22,17,23,47.9,19.9,13.9,33,0.606,98,0.5,42,0.262,0.468,0.489,8.9,4,9.1,1.6,10.7,0.76,0.29,1.47,6.7,92.5,108.6
,Danuel House Jr.,Hou,F-G,27.89,33,26.8,55.9,14.9,10.1,59,0.661,107,0.477,144,0.354,0.508,0.531,8.9,3.8,7.5,1.8,9.9,0.61,0.48,0.94,5.9,105,111.1
,Paul Millsap,Den,F,36.21,49,21,43.8,17.9,10.2,86,0.709,213,0.563,128,0.352,0.55,0.575,8.9,4.8,13,1.7,10.8,0.86,0.69,0.88,7.9,117.4,104.2
,Bruce Brown,Bro,G-F,24.7,57,22.3,46.5,16,10.5,106,0.736,317,0.59,55,0.291,0.567,0.597,8.8,5.2,13,1.6,9.6,0.89,0.37,0.86,7.5,122.5,104.9
,Michael Carter-Williams,Orl,G,29.55,31,25.8,53.7,20.3,18.4,80,0.613,209,0.431,61,0.246,0.417,0.449,8.8,4.5,9.1,4.1,23.9,0.81,0.55,2.23,8.5,92.4,106.3
,Robin Lopez,Was,C,33.07,61,19.4,40.5,16.4,13.9,120,0.708,333,0.655,18,0.278,0.642,0.664,8.8,3.9,10.5,0.8,6.2,0.23,0.61,1.07,6.2,123.6,110
,Robert Covington,Por,F,30.37,60,32.1,67,11.9,11.6,53,0.83,142,0.458,306,0.379,0.533,0.554,8.7,6.7,11.2,1.7,6.9,1.47,1.23,1.03,5.8,111,108.4
,Isaiah Hartenstein,Cle,C-F,22.98,14,18.7,38.9,19,18.5,33,0.667,73,0.644,5,0.4,0.641,0.659,8.7,6.6,19.7,2.4,21,0.5,1.29,1.5,11,120.3,96.9
,Talen Horton-Tucker,Lal,G,20.42,57,19.7,41,21.6,14.9,103,0.796,308,0.519,119,0.261,0.484,0.524,8.7,2.7,7.7,2.5,19,0.98,0.35,1.46,7.9,101.6,99.1
,Frank Jackson,Det,G,22.99,33,16.8,35,20.9,10.9,53,0.792,97,0.526,116,0.414,0.577,0.609,8.7,2,6.6,0.7,6.7,0.24,0.03,0.88,5.5,110.8,110.1
,JJ Redick,Nor,G,36.84,31,18.6,38.8,19.1,9.6,47,0.957,74,0.486,140,0.364,0.526,0.575,8.7,1.7,5,1.3,9.5,0.29,0.06,0.81,5.8,112.7,112.7
,Hamidou Diallo,Det,G,22.75,15,20.3,42.4,20.7,13.1,38,0.684,88,0.432,21,0.429,0.472,0.513,8.6,4.4,12,1.1,8.7,0.53,0.53,1.27,6.8,99.8,102.2
,James Ennis III,Orl,F,30.83,40,24.3,50.5,14,11.8,85,0.812,138,0.5,102,0.441,0.569,0.616,8.6,4.2,9,1.5,9.2,0.8,0.18,0.93,6.2,119.7,108
,Trevor Ariza,Mia,F,35.83,22,27.3,56.8,14.6,7.2,32,0.75,65,0.446,101,0.347,0.491,0.519,8.5,4.6,9.6,1.8,9.7,0.77,0.59,0.64,6,107.8,106.8
,Avery Bradley,Mia,G,30.42,10,21.1,43.9,16.9,11.4,9,0.778,28,0.536,38,0.421,0.591,0.607,8.5,1.8,4.8,1.4,10.2,0.7,0.1,0.9,5.3,109.8,101.6
,Moses Brown,Okc,C,21.54,33,20.2,42.2,17.6,12.3,98,0.633,199,0.548,0,0,0.548,0.578,8.5,8.2,21.3,0.2,1.4,0.64,1.03,1.03,4.8,116.2,102.7
,Isaac Okoro,Cle,F-G,20.26,57,31.8,66.3,13.1,13.5,110,0.736,258,0.508,166,0.289,0.479,0.515,8.5,2.9,5.1,1.8,7.8,1.04,0.4,1.3,4.5,101.2,109.9
,Jakob Poeltl,San,C,25.54,60,26.4,54.9,13.5,16.2,110,0.491,361,0.629,0,0,0.629,0.62,8.5,8,16,1.9,9.9,0.65,1.77,1.32,7.7,122.6,104
,Dewayne Dedmon,Mia,C,31.71,8,13.4,27.8,20.9,14.1,17,0.882,32,0.813,3,0,0.743,0.789,8.4,5.9,24.9,0.4,5.1,0.63,0.63,0.88,8.1,141.2,93.4
,Luke Kennard,Lac,G,24.84,57,19.9,41.4,16.9,10.4,29,0.828,172,0.5,202,0.46,0.603,0.614,8.3,2.7,7.6,1.7,12,0.33,0.16,0.79,6.8,117.8,108
,Raul Neto,Was,G,28.94,56,21.1,44,16.1,10,63,0.857,241,0.506,145,0.379,0.53,0.56,8.3,2.3,5.8,2.1,13.9,1.13,0.07,0.82,6.5,111.4,108.6
,Mitchell Robinson,Nyk,C-F,23.08,31,27.5,57.3,11.7,11.5,53,0.491,176,0.653,0,0,0.653,0.642,8.3,8.1,16.1,0.5,2.9,1.13,1.45,0.84,4.7,130.1,99.6
,Nicolas Batum,Lac,G-F,32.37,60,28.1,58.5,11.8,11.3,54,0.852,128,0.555,249,0.41,0.594,0.616,8.2,4.8,9.6,2.3,10.6,1.05,0.53,0.85,6.4,123.7,108.2
,Sterling Brown,Hou,G-F,26.21,51,24.1,50.2,13.5,10.5,31,0.806,119,0.496,215,0.423,0.585,0.598,8.2,4.4,9.7,1.4,8.5,0.75,0.24,0.8,6.1,114,108.9
,Anfernee Simons,Por,G,21.89,54,16.6,34.5,19.5,8.9,49,0.776,103,0.379,245,0.445,0.582,0.599,8.2,2.2,7.1,1.4,12.6,0.3,0.13,0.67,7.1,118.6,111.6
,JaMychal Green,Den,F-C,30.86,48,18.7,38.9,17.9,12,45,0.844,143,0.538,161,0.41,0.579,0.602,8.1,4.9,14.8,0.8,5.5,0.5,0.35,0.92,6.8,115.8,100.1
,T.J. McConnell,Ind,G,29.09,58,25.6,53.3,14.7,20.9,38,0.658,351,0.581,37,0.351,0.576,0.583,8.1,3.6,7.6,6.6,35.2,1.74,0.34,1.84,9,118,109.2
,Taurean Prince,Bro,F,27.1,12,18.2,37.8,19.4,11.4,27,0.889,37,0.459,37,0.351,0.493,0.565,8.1,2.8,8.7,0.6,4.3,0.67,0.67,0.92,5.2,105.2,106
,Ricky Rubio,Min,G,30.52,59,26,54.1,15.9,17.6,132,0.856,248,0.427,171,0.298,0.436,0.501,8.1,3.2,6.7,6.5,34.3,1.42,0.05,1.73,8.5,110.3,110.2
,Hassan Whiteside,Sac,C,31.88,36,15.2,31.6,23.5,13.4,79,0.519,223,0.565,1,0,0.563,0.566,8.1,6,22,0.6,5.6,0.25,1.28,1.11,8.1,107.1,104.8
,Robert Williams III,Bos,C-F,23.53,48,18.9,39.3,15.3,15.6,65,0.646,240,0.725,2,0,0.719,0.721,8.1,7,20.7,1.7,13.8,0.85,1.81,1.04,9.7,137,100.1
,Patrick Beverley,Lac,G,32.8,31,23.4,48.8,14.3,11.5,41,0.805,65,0.462,125,0.416,0.568,0.598,8,3.6,8.6,2.1,11.8,0.84,0.77,0.87,6.7,121.3,100.3
,JaVale McGee,Cle,C-F,33.27,33,15.2,31.8,24.7,15.8,55,0.655,195,0.549,20,0.25,0.533,0.554,8,5.2,18.9,1,11.3,0.48,1.21,1.36,9.1,102.9,96.8
,Otto Porter Jr.,Orl,F,27.9,3,22.2,46.2,17.7,0,5,1,16,0.5,9,0.111,0.38,0.441,8,4.7,11,1.7,11.3,1.33,0,0,7.2,101.3,106.8
,Terence Davis,Sac,G,23.95,17,17.9,37.3,19.6,13,13,0.692,45,0.533,70,0.371,0.548,0.559,7.9,2.5,7.7,1.1,8.2,0.71,0.24,1.06,6.2,101,114.3
,Gorgui Dieng,Mem,C,31.28,22,16.9,35.2,17,14.8,43,0.884,60,0.55,48,0.479,0.625,0.682,7.9,4.5,14.1,1.3,10.6,0.77,0.64,1,8.5,126.8,102.4
,Garrett Temple,Chi,G-F,34.98,46,27.1,56.4,13.4,12.5,40,0.825,150,0.513,169,0.349,0.519,0.541,7.9,2.8,5.8,2.2,10.7,0.78,0.46,1.04,5.4,106.7,108.9
,Tristan Thompson,Bos,C-F,30.13,48,23.3,48.6,15.2,13.4,110,0.609,290,0.534,3,0,0.529,0.552,7.9,8.1,19.3,1.1,6.9,0.42,0.52,1.1,7.1,116.2,104.8
,Chuma Okeke,Orl,F,22.7,45,25.2,52.4,14.5,10,40,0.75,183,0.47,141,0.348,0.492,0.511,7.8,4,8.4,2.2,13.1,1.07,0.51,0.84,6.5,106.6,112.2
,Tomas Satoransky,Chi,G,29.5,50,23.2,48.3,15.1,21.3,69,0.87,182,0.582,105,0.371,0.573,0.613,7.8,2.5,5.9,4.9,28.1,0.8,0.24,1.72,7.9,118.1,110.2
,Delon Wright,Sac,G,29.01,17,21.5,44.8,15.8,9.7,31,0.839,71,0.437,37,0.405,0.495,0.547,7.8,2.9,7.6,2.1,12.9,1.18,0.12,0.76,6.7,114.6,117.2
,Steven Adams,Nor,C,27.78,57,27.7,57.8,11.8,17.9,133,0.444,302,0.626,3,0,0.62,0.601,7.7,8.9,17.6,1.9,9.1,0.95,0.65,1.39,7.3,120.5,108.2
,DeAndre Jordan,Bro,C,32.77,53,22.3,46.4,12.9,22.8,79,0.506,235,0.779,1,0,0.775,0.75,7.7,7.5,18.7,1.7,10.2,0.3,1.21,1.51,8.3,127.8,105.1
,Payton Pritchard,Bos,G,23.25,57,19.5,40.6,16.3,11.7,41,0.902,151,0.497,202,0.416,0.569,0.592,7.7,2.3,6.5,1.9,13.5,0.54,0.16,0.86,6.6,117.1,108.4
,Isaiah Thomas,Nor,G,32.22,3,16.1,33.5,29.7,17.7,2,1,15,0.4,12,0.25,0.389,0.412,7.7,1.3,4.6,1.7,14.9,0.33,0,2,6.4,78.3,113.1
,PJ Dozier,Den,G-F,24.51,47,21.4,44.6,17,10.7,64,0.625,187,0.492,135,0.326,0.491,0.508,7.6,3.7,9.8,1.9,11.4,0.66,0.45,0.89,7,105.2,107.3
,Evan Fournier,Bos,G-F,28.5,8,27.9,58.2,15.9,12.1,8,0.75,29,0.276,40,0.325,0.399,0.421,7.6,2.9,5.7,2,9.4,1.38,0.63,1.25,5.1,87.9,107
,Alex Len,Was,C,27.87,47,16.3,33.9,17.3,14.1,99,0.606,211,0.673,19,0.263,0.65,0.656,7.6,4.3,14.1,0.9,7.8,0.28,1.06,0.96,7.6,120.4,102.1
,Aleksej Pokusevski,Okc,C,19.34,39,23.6,49.2,20.1,18.4,32,0.781,160,0.4,180,0.267,0.4,0.419,7.6,4.7,10.3,2.2,13.3,0.46,1.05,2.05,7.3,80.5,110.8
,Kenrich Williams,Okc,G-F,26.41,62,21.4,44.5,14.9,15.1,61,0.574,263,0.57,104,0.433,0.593,0.597,7.6,4.2,10.3,2.2,15.7,0.77,0.24,1.13,7.7,115.3,105.9
,Armoni Brooks,Hou,G,22.9,10,22.3,46.4,16.3,14.1,5,0.4,10,0.5,61,0.344,0.514,0.512,7.5,3.6,8.6,1.3,8.4,0.4,0.1,1.2,5.9,94.3,111.8
,Henry Ellenson,Tor,F-C,24.29,2,19.2,40,17.8,0,4,0.75,5,0.6,9,0.222,0.429,0.476,7.5,6,17.2,2.5,18.7,0,0.5,0,10.1,120.6,95.3
,Tyrese Maxey,Phi,G,20.48,53,14.7,30.6,22.9,8.2,50,0.86,273,0.52,87,0.276,0.494,0.522,7.5,1.5,5.7,1.7,17.9,0.36,0.17,0.64,7.3,107,104.7
,Cameron Payne,Pho,G,26.72,51,17.3,36.1,19.3,13.8,42,0.857,181,0.508,132,0.409,0.553,0.576,7.5,2.3,7.5,3.6,28.6,0.59,0.24,1.04,9.2,117.3,103.9
,Ben McLemore,Hou,G,28.21,32,16.8,35,21.1,10.5,32,0.719,58,0.431,166,0.331,0.48,0.5,7.4,2.1,6.5,0.9,7.9,0.63,0.09,0.88,5.7,94.7,108.1
,Isaiah Stewart,Det,F-C,19.94,60,20.4,42.5,15,14,74,0.676,298,0.591,31,0.419,0.594,0.61,7.4,6.6,18.1,0.9,6.6,0.53,1.15,0.98,6.9,118.8,100.4
,Brad Wanamaker,Cha,G,31.76,16,19.6,40.9,20,19.9,31,0.871,80,0.513,23,0.13,0.442,0.506,7.4,1.6,4.5,3.7,27.2,0.75,0.31,1.81,7.2,100.4,107.3
,DeMarcus Cousins,Lac,C,30.71,9,12.9,26.9,31,23.3,17,0.588,44,0.5,11,0.364,0.509,0.528,7.3,5.2,22.6,1.2,14.5,0.33,0.33,2.11,11.1,95.1,95.6
,Juancho Hernangomez,Min,F,25.58,44,17,35.4,17.1,6.9,84,0.643,111,0.613,134,0.328,0.547,0.571,7.3,4,12.6,0.6,5.5,0.36,0.14,0.48,6.1,114,112.9
,Austin Rivers,Nyk,G,28.74,21,21.1,43.9,16.4,13.5,14,0.714,58,0.517,77,0.364,0.533,0.545,7.3,2.2,5.8,2,13.9,0.57,0,1.05,6,105.5,105.9
,Dennis Smith Jr.,Det,G,23.43,20,19.6,40.9,18.7,14.8,20,0.7,80,0.463,55,0.345,0.485,0.504,7.3,2.7,7.5,3.7,28.8,1,0.7,1.25,8.5,106.2,106.5
,Edmond Sumner,Ind,G,25.33,48,16,33.3,18.2,14.1,73,0.795,166,0.584,83,0.386,0.582,0.619,7.3,1.8,6.1,0.9,8.1,0.63,0.21,0.96,5.7,110.2,107.3
,Mo Bamba,Orl,C,22.97,38,13.8,28.8,22.1,10.1,41,0.659,134,0.567,89,0.36,0.556,0.57,7.2,4.9,18.5,0.6,7.4,0.24,1.05,0.71,8,111.5,100.9
,Nemanja Bjelica,Sac,F,32.97,26,16.9,35.2,19.3,14.3,42,0.762,92,0.565,58,0.293,0.517,0.555,7.2,3.8,12.7,1.9,15.3,0.31,0.08,1.08,8.8,110,110.6
,Justin Jackson,Okc,F,26.09,33,16.5,34.4,20.3,12,35,0.857,101,0.515,111,0.306,0.486,0.519,7.2,2.2,6.8,1.5,14.5,0.45,0.06,0.94,7,101.7,111.7
,Kenyon Martin Jr.,Hou,F,20.31,35,20.4,42.5,14.4,9.6,60,0.717,147,0.565,44,0.318,0.545,0.577,7.2,4.6,12,0.6,4.6,0.63,0.91,0.66,5.3,116.5,108.4
,Maxi Kleber,Dal,F,29.25,45,27.2,56.7,10.5,10,35,0.914,59,0.441,187,0.417,0.581,0.608,7.1,5.3,10.7,1.4,6.5,0.53,0.73,0.64,5.5,122.1,107
,Markieff Morris,Lal,F,31.66,54,20.4,42.6,16.4,12,43,0.744,149,0.55,198,0.313,0.504,0.522,7.1,4.5,12.4,1.1,7.9,0.35,0.33,0.93,6.4,102.2,100.8
,Moritz Wagner,Was,F-C,24.01,25,15,31.3,18.4,12.7,52,0.788,80,0.613,42,0.31,0.561,0.614,7.1,2.9,10.3,1.3,11.9,0.88,0.32,0.84,8,116.4,96.9
,Pat Connaughton,Mil,G,28.31,58,23,47.8,11.7,7.5,35,0.743,102,0.588,226,0.385,0.581,0.593,7,4.8,11,1.2,6.5,0.64,0.34,0.48,6,122.5,106.5
,Mike James,Bro,G,30.7,3,16.4,34.2,16.4,5.4,8,0.625,11,0.455,3,0.667,0.571,0.599,7,2,6.8,3.7,29.8,0.33,0,0.33,9.1,139.6,119.5
,Derrick Jones Jr.,Por,F,24.2,54,23.4,48.7,12.2,8.1,86,0.64,160,0.606,133,0.323,0.551,0.571,7,3.7,8.5,0.8,4.6,0.67,0.98,0.54,4.7,120.1,110.8
,Royce O'Neale,Uta,F,27.9,61,31.9,66.4,9.4,16.2,42,0.857,98,0.592,240,0.379,0.575,0.596,7,7,11.6,2.6,10.4,0.75,0.48,1.13,6.3,120.6,101.7
,Terence Davis,Tor,G,23.95,34,14.5,30.2,21.6,11.7,18,0.889,88,0.489,122,0.361,0.519,0.537,6.9,1.9,7.4,1.1,11.6,0.5,0.21,0.85,6.7,100.6,106.7
,Aaron Holiday,Ind,G,24.58,59,17,35.4,19.9,11.4,68,0.809,221,0.394,163,0.368,0.461,0.494,6.9,1.2,3.8,1.6,13.2,0.64,0.17,0.9,5.6,97.2,110
,Terance Mann,Lac,G-F,24.53,61,19.5,40.7,14.8,9.8,83,0.819,239,0.515,85,0.412,0.542,0.581,6.9,3.8,10.9,1.6,11.3,0.48,0.21,0.64,7.1,121.2,103.9
,Svi Mykhailiuk,Det,G-F,23.89,36,17.6,36.7,18.9,14.2,30,0.8,52,0.519,171,0.333,0.504,0.527,6.9,2.1,6.5,1.6,13.5,0.75,0.17,1.08,6.5,99.7,110.7
,Jeff Teague,Bos,G,32.88,34,18.1,37.8,17.8,15.4,61,0.836,132,0.394,56,0.464,0.484,0.542,6.9,1.7,5.2,2.1,16.3,0.76,0.21,1.15,6.4,107.5,109.7
,Torrey Craig,Pho,F,30.36,22,17.6,36.7,15.5,11.1,14,0.786,61,0.623,53,0.396,0.61,0.624,6.8,4.7,15,1,7.4,0.64,0.5,0.68,7.2,121.8,101.6
,Jaden McDaniels,Min,F,20.58,56,23.6,49.1,12.4,10.6,41,0.585,157,0.529,172,0.366,0.54,0.546,6.8,3.7,8.5,1.1,6.3,0.54,0.96,0.73,5.1,106.5,108.4
,Xavier Tillman,Mem,F,22.29,50,18.8,39.2,14.3,11,48,0.667,205,0.62,56,0.321,0.59,0.603,6.8,4.4,12.3,1.3,9.3,0.78,0.56,0.7,7.2,119.2,102.1
,Kent Bazemore,Gol,G-F,31.83,57,18.1,37.7,16.6,16.4,65,0.692,164,0.476,144,0.417,0.545,0.566,6.7,3.1,9,1.6,12.1,0.96,0.47,1.16,7.1,102.1,100.6
,Trey Burke,Dal,G,28.46,51,14.9,31,19.7,7.7,43,0.86,155,0.497,138,0.37,0.524,0.551,6.7,0.9,3.2,1.4,14.1,0.67,0.06,0.51,5.5,111.8,110.3
,Spencer Dinwiddie,Bro,G,28.06,3,21.4,44.7,16,21.2,6,1,9,0.444,7,0.286,0.438,0.536,6.7,4.3,11.3,3,17.5,0.67,0.33,1.67,8.3,102.2,108.6
,Damyean Dotson,Cle,G,26.98,37,18.9,39.4,17.5,10.7,34,0.676,112,0.518,124,0.29,0.475,0.492,6.7,2.1,6.1,2.1,16.6,0.38,0.11,0.81,6.5,100.6,113.6
,Willy Hernangomez,Nor,C-F,26.92,38,16.2,33.8,16.4,8.8,60,0.65,182,0.582,9,0.111,0.563,0.584,6.7,6.3,21.5,0.9,7.6,0.37,0.47,0.55,8.3,124.6,107.3
,Dwight Howard,Phi,C-F,35.39,60,17.3,36,17.9,23.4,182,0.571,233,0.614,18,0.222,0.594,0.607,6.7,8.3,26.5,0.9,6.9,0.45,0.88,1.68,8.5,110.1,89.2
,Tyus Jones,Mem,G,24.97,59,18.2,38,16.8,9.8,36,0.917,244,0.504,126,0.31,0.491,0.513,6.7,2.1,6,3.9,28.7,0.98,0.08,0.71,8.4,114.9,112.9
,Abdel Nader,Pho,F,27.59,24,14.8,30.8,18.9,12.6,37,0.757,73,0.534,43,0.419,0.569,0.605,6.7,2.6,9.8,0.8,7.4,0.42,0.38,0.79,6.5,110.3,103.1
,Rajon Rondo,Lac,G,35.18,11,19.5,40.5,17.6,22.4,9,1,37,0.514,25,0.36,0.524,0.561,6.7,2.6,7.6,5.4,37.1,0.82,0.09,1.73,9.3,118.2,103.5
,Denzel Valentine,Chi,G,27.45,55,17.2,35.8,19.1,9.3,15,0.933,151,0.457,221,0.326,0.476,0.486,6.7,3.3,10.8,1.6,12.9,0.53,0.11,0.71,7.6,99.5,108.7
,Nicolas Claxton,Bro,F-C,22.03,25,18.5,38.5,14.5,9.1,46,0.5,115,0.6,5,0.2,0.588,0.585,6.6,5,14.9,1.1,7.9,0.76,1.2,0.56,7.2,121.4,102.6
,Cory Joseph,Sac,G,29.69,44,21.5,44.7,14.3,14,47,0.766,156,0.513,94,0.33,0.506,0.534,6.6,2.3,5.9,2.5,14.8,0.86,0.2,1,6.3,108.5,112.5
,Timothe Luwawu-Cabarrot,Bro,G-F,25.97,53,19,39.7,17.2,10.3,40,0.8,112,0.455,229,0.314,0.466,0.488,6.6,2.4,7,1.2,8.1,0.6,0.11,0.77,5.6,98.6,107.8
,Justise Winslow,Mem,F-G,25.09,22,19.9,41.5,21.6,15.2,24,0.625,134,0.418,45,0.133,0.363,0.382,6.6,4.3,11.4,2,13.1,0.68,0.55,1.55,7.7,78.7,104.6
,Marquese Chriss,Gol,F,23.83,2,13.4,27.8,28.4,11.3,4,0.5,9,0.444,5,0.2,0.393,0.412,6.5,6.5,25.9,1,11.2,0,1,1,10.4,87.5,98.1
,Draymond Green,Gol,F,31.15,54,30.9,64.4,13.1,31.7,68,0.779,211,0.512,110,0.245,0.463,0.499,6.5,6.8,11.8,8.7,36.4,1.67,0.78,3.02,9.4,105.5,101.5
,Damion Lee,Gol,G-F,28.52,57,18.9,39.4,12.8,9.3,44,0.909,80,0.638,194,0.397,0.608,0.636,6.5,3.2,8.9,1.3,9.2,0.67,0.14,0.53,6.4,121,106.2
,Jalen McDaniels,Cha,F-C,23.24,37,16.8,35,17.7,13.3,45,0.711,128,0.531,73,0.329,0.517,0.543,6.5,2.8,9,1,8.7,0.59,0.3,0.92,6.3,102.8,104.1
,Kira Lewis Jr.,Nor,G,20.06,44,16.5,34.3,18.6,8.8,33,0.788,175,0.417,101,0.356,0.46,0.482,6.4,1.2,4,2.3,19.3,0.73,0.23,0.64,6.3,105.5,108.1
,Deni Avdija,Was,F,20.32,54,23.3,48.5,12.1,9,45,0.644,144,0.535,168,0.315,0.502,0.515,6.3,4.8,11,1.2,6.4,0.59,0.28,0.61,5.7,102.5,103.7
,Jaxson Hayes,Nor,C-F,20.93,50,14.8,30.9,14.8,12,85,0.776,183,0.661,7,0.429,0.661,0.697,6.3,3.8,14.3,0.5,4.9,0.38,0.48,0.62,6.2,131.9,104.1
,Frank Kaminsky,Pho,F-C,28.07,37,14.4,30,18.9,7.5,43,0.605,120,0.517,70,0.4,0.547,0.56,6.3,3.5,13.9,1.5,14.7,0.35,0.38,0.46,8.9,116.9,103.1
,Frank Mason,Orl,G,27.07,4,19.8,41.3,17.5,15.6,7,0.714,19,0.368,5,0.4,0.417,0.462,6.3,3,7.9,3,22,0,0,1.25,7.8,98.2,110.1
,Georges Niang,Uta,F,27.87,62,14.9,31,17.1,11.7,13,1,85,0.482,233,0.421,0.591,0.601,6.3,2.5,8.8,0.8,7.5,0.31,0.1,0.69,6.2,112.7,100.7
,Maurice Harkless,Sac,F-G,27.97,17,23.9,49.8,11.6,11,24,0.875,45,0.578,42,0.262,0.489,0.543,6.2,2.8,6.4,1.2,6.2,1,0.65,0.71,4.6,108.4,110.8
,D.J. Augustin,Mil,G,33.47,37,19.3,40.1,14.4,14,40,0.9,63,0.349,129,0.38,0.497,0.542,6.1,1.4,3.7,3,18.8,0.54,0.03,0.92,6.1,114.9,111.5
,Quinn Cook,Cle,G,28.1,7,13.6,28.4,21.7,8.5,3,1,29,0.379,13,0.462,0.476,0.496,6.1,1.7,7.1,1.9,21.7,0.43,0,0.57,7.9,105,108.9
,Malachi Flynn,Tor,G,22.97,37,17,35.5,18.2,10.5,38,0.816,114,0.412,107,0.318,0.443,0.477,6.1,2.1,6.6,2.6,22.3,0.78,0.14,0.76,7.6,103.9,109.2
,Robert Franks,Orl,F,20,7,14.4,30,15.4,5.6,13,0.923,13,0.615,15,0.333,0.554,0.638,6.1,2,7.3,0.7,7.4,0.43,0.43,0.29,5.7,133.1,110
,Ish Smith,Was,G,32.81,34,20.3,42.2,15.6,12.8,27,0.556,176,0.426,37,0.378,0.451,0.46,6.1,3.2,8.4,4.2,27.4,0.65,0.29,0.97,8.6,104.2,109.4
,Chandler Hutchison,Was,F-G,25.01,8,17.5,36.5,17.4,17,11,0.818,33,0.455,11,0.273,0.443,0.491,6,4.1,12.5,0.6,4.7,0.38,0.13,1.25,5.6,87.4,105.3
,Naji Marshall,Nor,F,23.26,22,19.4,40.3,15,12.6,56,0.661,60,0.383,47,0.34,0.439,0.498,6,3.7,10.6,2.6,17,0.73,0.32,0.86,8,107.4,106.3
,Dakota Mathias,Phi,G,25.8,8,15.4,32.2,17.9,1.9,6,0.333,22,0.5,26,0.308,0.479,0.474,6,0.9,3.1,1.6,15.1,0.13,0.38,0.13,5.3,107.1,109.6
,Alex Caruso,Lal,G,27.16,51,20.4,42.5,13.9,18.6,63,0.683,127,0.457,116,0.405,0.529,0.554,5.9,2.9,7.9,2.5,16.6,1.14,0.25,1.22,6.9,106.8,99.8
,Aron Baynes,Tor,C-F,34.39,50,18.2,38,16.1,12.7,37,0.73,187,0.529,93,0.237,0.471,0.491,5.8,5.1,15.3,0.9,6.8,0.3,0.4,0.86,6.6,102.3,102.5
,Mason Jones,Hou,G,22.77,26,11.8,24.6,23.2,16.8,57,0.614,50,0.48,64,0.359,0.513,0.546,5.8,2,8.8,1.5,19.3,0.23,0.04,1.08,8.8,100.6,110.4
,Chasson Randle,Orl,G,28.23,31,19.4,40.3,14.9,17,27,0.778,69,0.435,90,0.367,0.5,0.527,5.8,1.7,4.6,1.9,13.9,0.52,0.06,1.13,5.5,98,109.9
,JJ Redick,Dal,G,36.84,8,12.7,26.4,19,18.5,3,0.667,12,0.333,22,0.545,0.647,0.651,5.8,1.3,5.4,0.8,8.6,0.13,0.13,1,5.7,106.5,114.7
,Jeff Teague,Mil,G,32.88,12,16.7,34.8,15.2,15.1,22,0.864,36,0.528,16,0.25,0.481,0.559,5.8,1.8,5.5,3.3,24.1,0.17,0.25,0.92,7.8,119.7,110.8
,Killian Hayes,Det,G,19.76,17,22.8,47.5,19,27.8,9,0.889,81,0.383,37,0.243,0.377,0.398,5.7,2.2,5.4,4.4,27.8,1.06,0.35,2.76,6.7,78.7,106.9
,George Hill,Phi,G,34.99,6,19.1,39.8,14.8,20.2,6,0.5,21,0.524,8,0.375,0.534,0.537,5.7,2.5,7.2,1.8,13.1,0.5,0.5,1.33,6.2,98.6,107.5
,James Johnson,Dal,F,34.19,29,17.4,36.2,16.3,14.6,29,0.586,85,0.612,60,0.25,0.514,0.526,5.7,3,9.3,1.7,13.8,0.83,0.79,0.93,7.1,104,101.8
,Rodney McGruder,Det,G,29.75,16,12.1,25.2,18.1,8.7,8,0.75,46,0.565,24,0.458,0.607,0.619,5.7,1.4,6.3,1,13.6,0.5,0.06,0.44,6.6,120.3,110.4
,D.J. Wilson,Hou,F-C,25.19,21,13.3,27.6,20.1,12.2,19,0.632,56,0.5,51,0.333,0.5,0.516,5.7,3.3,13.2,0.9,10,0.43,0.52,0.76,7.7,98.7,104.9
,Willie Cauley-Stein,Dal,C,27.7,42,17.3,36.1,12.4,9.9,70,0.629,143,0.664,9,0.111,0.635,0.648,5.6,4.3,13.6,0.7,5.5,0.36,0.81,0.48,5.9,130.4,100.6
,Drew Eubanks,San,F-C,24.24,43,13.8,28.9,16.9,16,87,0.69,155,0.568,1,1,0.574,0.615,5.6,4.2,16.2,0.8,8.5,0.4,0.98,0.86,7.7,116,100.9
,Jaylen Hoard,Okc,F,22.08,11,16.5,34.3,17.4,18.9,25,0.72,43,0.512,6,0,0.449,0.517,5.6,3.5,11,0.8,7.3,0.64,0.18,1.27,6.1,98.1,107
,Tyler Johnson,Bro,G,28.98,33,17.1,35.7,13.6,7.9,21,0.857,43,0.465,110,0.382,0.542,0.567,5.6,1.9,6.2,1,7.7,0.36,0,0.42,5.1,113,112.2
,Garrison Mathews,Was,G,24.51,56,16.9,35.2,11.3,3.5,78,0.897,37,0.541,177,0.384,0.57,0.632,5.6,1.4,4.5,0.4,3.4,0.5,0.11,0.16,3.5,129,107.6
,Josh Okogie,Min,G,22.66,50,21.1,43.9,12.1,11.9,89,0.798,129,0.496,98,0.276,0.46,0.526,5.6,2.7,6.8,1.1,7,0.96,0.46,0.72,4.8,108.4,109
,Al-Farouq Aminu,Orl,F,30.6,17,21.6,44.9,14.3,20.6,17,0.824,58,0.5,31,0.226,0.444,0.482,5.5,5.4,13,1.7,11.3,1,0.53,1.47,6.8,93.1,108.1
,Tony Bradley,Phi,C-F,23.3,20,14.4,29.9,12.8,7,11,0.636,74,0.689,1,0,0.68,0.683,5.5,5.2,19.9,0.9,8.8,0.3,0.65,0.3,8.2,143.8,99.8
,Troy Brown Jr.,Chi,G-F,21.75,13,18.2,37.9,11.5,8,6,0.833,31,0.677,24,0.333,0.6,0.616,5.5,3.4,10.4,0.8,5.6,0.54,0.15,0.38,5.4,122,107
,Facundo Campazzo,Den,G,30.1,56,20.4,42.5,12.8,17.4,62,0.855,74,0.419,175,0.371,0.516,0.561,5.5,1.7,4.8,3.3,19.6,1.07,0.21,1.04,6.1,115.9,105.2
,Derrick Favors,Uta,F,29.79,58,15.4,32,13.4,12.2,73,0.74,210,0.629,2,0,0.623,0.651,5.5,5.6,19.1,0.7,6.3,0.5,1.05,0.59,7.2,134.4,93.4
,Jordan Nwora,Mil,F,22.64,25,9.1,18.9,25.4,14.6,21,0.81,56,0.429,52,0.462,0.556,0.584,5.5,1.8,10.2,0.3,4.3,0.56,0.2,0.8,6.3,100.8,102.2
,Tony Snell,Atl,G,29.47,40,21,43.7,8.8,10.6,11,1,49,0.408,98,0.571,0.707,0.721,5.5,2.4,6.1,1.3,8.2,0.23,0.25,0.45,4.9,136.5,110.7
,Max Strus,Mia,G-F,25.09,33,12.3,25.6,17.7,4.4,17,0.647,28,0.893,117,0.342,0.586,0.594,5.5,0.9,4,0.5,6.6,0.21,0.03,0.21,4.4,112.8,106.7
,Damian Jones,Lal,C,25.83,8,14,29.1,10.6,18.3,12,0.917,17,0.941,0,0,0.941,0.965,5.4,3.3,13,0.1,1.3,0.13,0.88,0.63,3.5,157.7,89.9
,Justin Patton,Hou,C,23.87,13,19,39.5,13.1,5.3,4,0.75,36,0.556,34,0.265,0.479,0.488,5.4,3.8,10.6,1.1,8.2,0.92,1.08,0.31,5.9,107.9,101.5
,Khem Birch,Orl,C,28.58,48,19.8,41.3,12.3,8.5,85,0.741,188,0.479,21,0.19,0.459,0.517,5.3,5.1,13.4,1.1,7.9,0.67,0.58,0.48,6.3,119.7,109.4
,Avery Bradley,Hou,G,30.42,15,23,48,13.9,14.2,6,0.833,36,0.361,58,0.276,0.394,0.409,5.3,2.3,5.4,1.9,11.6,0.8,0.13,1.07,5,84.4,110.5
,Jarrett Culver,Min,G-F,22.19,34,14.7,30.6,18.3,12.9,48,0.604,115,0.487,53,0.245,0.449,0.476,5.3,3.1,11.3,0.7,6.9,0.5,0.26,0.82,6.1,95.1,106.8
,Marc Gasol,Lal,C,36.25,45,19.5,40.6,12.5,20.6,46,0.739,69,0.536,111,0.387,0.564,0.592,5.3,4.1,11.8,2.1,14.3,0.51,1.2,1.16,7.3,110.8,97.3
,Freddie Gillespie,Tor,F,20,10,16,33.4,12.5,13,12,0.917,35,0.6,0,0,0.6,0.658,5.3,3.6,12.4,0.5,4.5,0.4,1.1,0.6,5.3,129.9,101.5
,Alize Johnson,Bro,F,25.02,12,10.6,22,20,13.7,3,1,44,0.659,5,0.2,0.622,0.636,5.3,4.6,24.2,0.8,10.8,0.33,0.17,0.67,10.2,123.7,105.1
,Jake Layman,Min,F,27.15,42,14.3,29.9,15.2,12,37,0.703,102,0.647,73,0.288,0.557,0.578,5.3,1.5,5.8,0.7,6.7,0.69,0.4,0.62,5,106.6,112.6
,Glenn Robinson III,Sac,F,27.3,23,16.1,33.5,14,9.2,23,0.913,55,0.473,44,0.364,0.505,0.554,5.3,2,6.8,0.9,7,0.17,0.13,0.48,5.3,112.2,118.4
,Taj Gibson,Nyk,F,35.85,36,20.2,42.1,9.8,12.4,45,0.689,108,0.676,14,0.214,0.635,0.656,5.2,5.5,14.7,0.7,5,0.78,0.94,0.56,5.4,134.5,99.5
,Saben Lee,Det,G,21.85,38,15.1,31.5,17.1,17.7,74,0.676,137,0.467,16,0.438,0.487,0.536,5.2,2.1,7.5,3.3,32,0.68,0.26,1.05,8.7,111.8,104.8
,Chimezie Metu,Sac,F-C,24.1,29,11,22.8,20.3,13.4,29,0.69,103,0.573,14,0.286,0.556,0.578,5.2,2.7,13.5,0.7,9.6,0.38,0.55,0.69,7.8,110.8,105.9
,Jabari Parker,Bos,F,26.12,6,12.7,26.4,18,12.6,4,0.75,22,0.636,4,0,0.538,0.558,5.2,3.2,13.9,1,11.7,0.17,0.5,0.67,8,112.5,110.8
,Dwight Powell,Dal,F-C,29.78,47,14.9,31.1,13.7,12.9,88,0.761,130,0.623,20,0.25,0.59,0.646,5.2,3.6,13.4,0.8,7.1,0.55,0.32,0.6,6.6,129.1,98.7
,Austin Rivers,Den,G,28.74,5,24.1,50.3,12.2,8.9,4,0.75,11,0.636,18,0.167,0.397,0.423,5.2,2,4.7,2,10.2,1,0.4,0.6,4.6,95.7,108.9
,Juan Toscano-Anderson,Gol,F,28.05,43,18.7,38.9,11.2,21.8,23,0.739,92,0.696,63,0.413,0.665,0.675,5.2,4,11.3,2.4,17.3,0.6,0.4,1.07,7.9,119.9,102.4
,Dylan Windler,Cle,G-F,24.6,31,16.5,34.5,14.9,18.3,27,0.778,53,0.585,78,0.333,0.534,0.563,5.2,3.5,11.7,1.1,9.3,0.61,0.39,1.03,6.6,102,108
,Goga Bitadze,Ind,C-F,21.78,37,11.3,23.6,19.3,8.5,45,0.756,97,0.567,56,0.268,0.507,0.547,5.1,3.2,15.4,0.7,8.7,0.22,1.24,0.43,8,116.3,98.4
,Bismack Biyombo,Cha,C,28.67,56,20.6,43,11.5,19.1,94,0.468,208,0.577,1,0,0.574,0.567,5.1,5.3,13.9,1.3,8.4,0.27,1.09,1.05,6.4,112.2,105.4
,Nerlens Noel,Nyk,C-F,27.05,56,23.9,49.9,9.5,20.9,61,0.705,197,0.619,3,0,0.61,0.633,5.1,6.5,14.8,0.8,4.6,1.07,2.2,1.07,5,119.2,97.5
,Jarred Vanderbilt,Min,F,22.07,55,17.2,35.8,12.7,17.9,94,0.564,189,0.598,4,0.25,0.593,0.602,5.1,5.5,17.2,1.3,10.3,0.93,0.73,0.93,7.7,116.7,103.9
,Dean Wade,Cle,F-C,24.44,53,17,35.4,12.7,7.7,23,0.783,74,0.568,157,0.357,0.545,0.56,5.1,3,10,1.1,9.6,0.42,0.36,0.38,6,115.2,110.3
,Precious Achiuwa,Mia,F,21.61,55,12.4,25.9,19.4,14,103,0.515,207,0.541,0,0,0.541,0.549,5,3.6,16.3,0.5,6.2,0.33,0.47,0.75,6.7,106.3,98.1
,Charlie Brown Jr.,Okc,G,23.24,1,11.5,24,18.1,0,2,1,1,0,3,0.333,0.375,0.512,5,0,0,0,0,2,0,0,0,111.2,102.2
,Brandon Goodwin,Atl,G,25.57,44,13.6,28.4,19.4,12.7,41,0.659,115,0.426,101,0.307,0.442,0.466,5,1.5,6,2,21.4,0.34,0,0.77,7.3,99.4,111.1
,Trey Lyles,San,F,25.48,23,15.6,32.4,12.9,5.7,23,0.652,50,0.58,40,0.35,0.556,0.574,5,3.7,12.7,0.6,5.3,0.26,0.04,0.26,5.7,115.5,110
,Boban Marjanovic,Dal,C,32.7,26,8.8,18.4,25,7.7,28,0.786,101,0.535,6,0,0.505,0.545,5,4.2,25.8,0.3,5,0.04,0.19,0.38,8.4,117.3,100.1
,Jordan McLaughlin,Min,G,25.05,43,19,39.6,13.6,16.3,24,0.75,135,0.422,75,0.36,0.464,0.483,5,2.1,6,4.1,29.5,1.09,0.14,1,7.4,108.8,114.5
,Patrick Patterson,Lac,F,32.13,35,14.4,29.9,14.2,6.8,16,0.75,46,0.587,97,0.371,0.566,0.58,5,1.9,7.5,0.6,5.8,0.37,0.23,0.31,5,117.6,106.8
,Devin Vassell,San,G-F,20.68,51,16,33.3,13.8,7,36,0.833,109,0.422,115,0.391,0.507,0.536,5,2.5,8.5,0.9,7.4,0.76,0.29,0.35,5.6,109.1,105.1
,DeAndre' Bembry,Tor,G-F,26.82,41,17.5,36.5,13.7,23.4,45,0.689,121,0.595,33,0.273,0.555,0.581,4.9,2.6,8.2,1.9,15.2,0.78,0.34,1.29,6.6,104.7,107.7
,Caleb Martin,Cha,F,25.58,46,14.9,31,17.1,10.7,53,0.623,116,0.491,103,0.252,0.438,0.464,4.9,2.7,10,1.2,11.3,0.7,0.2,0.63,6.7,98.1,107.1
,Jerome Robinson,Was,G,24.18,17,17.9,37.4,16.7,15.5,20,0.8,53,0.321,42,0.262,0.353,0.4,4.9,2.2,6.6,1.5,10.4,0.71,0.35,1.12,5.7,80.3,105.9
,Nassir Little,Por,F-G,21.21,42,14,29.2,13.8,8.4,44,0.795,76,0.553,78,0.346,0.536,0.577,4.8,2.8,10.7,0.5,4.9,0.12,0.31,0.38,5.4,119.1,111.7
,Gabe Vincent,Mia,G,24.87,44,13.6,28.4,18.9,11.9,23,0.87,76,0.5,135,0.281,0.45,0.475,4.8,1.1,4.5,1.3,13.7,0.43,0.05,0.68,5.6,94,102.6
,Yogi Ferrell,Lac,G,20,3,9.7,20.3,17.1,0,3,1,4,0.25,6,0.5,0.55,0.618,4.7,0.3,1.9,3.3,46.4,0.33,0,0,6.9,157.5,113.9
,Daniel Gafford,Chi,F-C,22.58,31,12.4,25.8,14.4,17.3,41,0.659,87,0.69,0,0,0.69,0.7,4.7,3.3,15,0.5,6.2,0.35,1.1,0.71,6.4,127.4,100.4
,Langston Galloway,Pho,G,29.39,35,10.9,22.7,16.5,8.5,17,1,51,0.49,71,0.451,0.598,0.629,4.7,1,5.2,0.7,8.6,0.23,0,0.34,5.5,120,109.8
,Solomon Hill,Atl,F,30.12,62,21.7,45.1,10.7,10.9,38,0.763,81,0.444,197,0.325,0.475,0.497,4.7,3,7.5,1,6.3,0.74,0.16,0.58,4.5,103.6,108.3
,Rodney Hood,Por,G-F,28.52,38,19.1,39.8,14,13.1,12,0.75,117,0.41,84,0.298,0.425,0.436,4.7,1.9,5.4,1.2,8.7,0.53,0.11,0.82,4.6,91.2,113
,Semi Ojeleye,Bos,F,26.4,51,17.3,36.1,11.6,8.4,32,0.75,57,0.439,147,0.381,0.534,0.555,4.7,2.6,8.4,0.7,5.2,0.29,0,0.39,4.7,114.2,111.1
,Brad Wanamaker,Gol,G,31.76,39,16,33.4,16,15.8,56,0.893,112,0.429,61,0.213,0.39,0.468,4.7,1.7,5.6,2.5,20.9,0.67,0.15,0.95,6.8,99.3,106.8
,Andre Iguodala,Mia,G-F,37.25,55,21.5,44.8,11.3,18.5,34,0.647,56,0.536,171,0.327,0.502,0.517,4.5,3.6,9.6,2.2,14.1,1,0.53,1,6.1,102.7,105.4
,Wesley Matthews,Lal,G,34.54,50,19.3,40.2,11.2,8.8,35,0.857,44,0.386,168,0.321,0.462,0.497,4.5,1.6,4.5,0.9,6.2,0.62,0.3,0.44,3.9,102.7,104.2
,Mychal Mulder,Gol,G,26.88,50,10.8,22.5,15.2,5.2,19,0.579,31,0.71,143,0.385,0.601,0.603,4.4,0.8,4.1,0.4,4.7,0.18,0.18,0.2,4.2,111.7,110.8
,Jahlil Okafor,Det,C-F,25.37,19,11,23,15.9,13.1,10,0.8,56,0.625,6,0.333,0.613,0.633,4.4,2.1,10.3,0.6,8.4,0.16,0.16,0.53,6.4,117.2,106
,Mike Scott,Phi,F,32.78,42,17.4,36.2,11.6,9.1,12,0.667,41,0.463,133,0.346,0.506,0.513,4.4,2.5,8.1,0.7,5.4,0.55,0.17,0.43,4.5,102.3,102.7
,P.J. Tucker,Hou,F,35.98,32,30,62.4,7.8,19,23,0.783,45,0.467,86,0.314,0.469,0.5,4.4,4.6,8.2,1.4,6.2,0.88,0.56,1.03,4.1,98.8,108.1
,Troy Brown Jr.,Was,G-F,21.75,21,13.7,28.5,16.2,14.3,15,0.667,43,0.442,46,0.304,0.449,0.471,4.3,2.9,11.3,0.9,8.7,0.14,0.19,0.76,6.5,92.4,106.1
,Devin Cannady,Orl,G,24.94,8,9.3,19.3,19.3,6,7,0.857,12,0.417,16,0.375,0.5,0.547,4.3,0.6,3.5,0.1,2.1,0.63,0.13,0.25,2.7,105.2,103.2
,Rodney Hood,Tor,G-F,28.52,12,13.7,28.5,15,7,11,0.909,24,0.375,24,0.333,0.438,0.492,4.3,1.7,6.7,0.4,4.2,0.08,0.25,0.33,4.2,100.2,112.3
,Ersan Ilyasova,Uta,F,33.96,12,9.4,19.5,17,11.3,3,1,8,0.375,30,0.467,0.632,0.649,4.3,1.8,10.3,0.3,3.8,0.83,0.17,0.42,5.6,118.2,87.1
,Damian Jones,Sac,C,25.83,7,16.3,33.9,10.3,22.1,14,0.714,15,0.667,0,0,0.667,0.709,4.3,3.3,11.3,0.9,6.6,0.43,0.43,0.86,5.7,126.3,111.6
,Nico Mannion,Gol,G,20.13,25,12.3,25.7,18.8,19.9,25,0.8,46,0.326,52,0.365,0.444,0.491,4.3,1.4,6.2,2.3,25.3,0.56,0.04,1.08,7.8,97,106.5
,JaVale McGee,Den,C-F,33.27,6,11.1,23.1,22.1,23.8,6,0.667,22,0.5,1,0,0.478,0.507,4.3,4.2,21.4,0.2,2.1,0.33,0.83,1.33,5.5,88.8,83.8
,E'Twaun Moore,Pho,G,32.17,24,14.5,30.2,15.9,14.5,10,0.8,73,0.479,29,0.276,0.461,0.479,4.3,1.8,6.8,1.5,13.2,0.58,0.17,0.75,6.2,98.9,105.1
,Grant Williams,Bos,F,22.41,55,18.3,38.1,11.7,18,40,0.55,93,0.495,112,0.366,0.524,0.532,4.3,2.8,8.5,1,7,0.55,0.36,0.89,5,101.8,101.7
,Tyler Cook,Det,F,23.6,18,13.2,27.6,14.3,20.4,19,0.474,53,0.623,1,0,0.611,0.601,4.2,3,12.6,0.5,5.7,0.28,0,0.89,5.6,103.2,106.9
,Javonte Green,Bos,G-F,27.77,25,13.8,28.8,12.1,13.4,30,0.667,49,0.653,22,0.318,0.599,0.624,4.2,2.1,8.4,0.4,4.3,0.72,0.08,0.52,4.4,119.4,106
,Luke Kornet,Bos,F-C,25.79,12,12.6,26.1,14,6.1,2,0.5,21,0.667,24,0.292,0.544,0.545,4.2,2.8,12.6,1.2,13,0,1.17,0.25,7.7,121,109.9
,Yuta Watanabe,Tor,G-F,26.54,43,13.7,28.5,12.5,10,23,0.826,73,0.507,70,0.414,0.563,0.588,4.2,3.1,12.7,0.7,7.2,0.47,0.42,0.4,6.1,118.6,106.2
,Kevin Knox II,Nyk,F,21.72,39,11.6,24.2,15.9,9.9,18,0.778,51,0.412,87,0.391,0.522,0.541,4.1,1.6,7.3,0.5,5.7,0.28,0.15,0.41,5.1,105.4,104.5
,Cody Martin,Cha,F,25.58,50,16.4,34.1,12.7,16.2,41,0.61,128,0.523,56,0.286,0.495,0.512,4.1,3.1,10.4,1.6,13.7,0.68,0.22,0.78,6.7,107.5,109.7
,Darius Miller,Okc,F,31.11,18,10.9,22.8,13.3,13.1,12,1,6,0.833,42,0.405,0.635,0.685,4.1,1.3,6.4,1.2,15.4,0.67,0.28,0.44,6.8,129.5,108.4
,Lamar Stevens,Cle,F,23.81,40,12.5,26,15.9,12.7,51,0.725,111,0.523,25,0.16,0.471,0.521,4.1,2.4,10.8,0.6,7.4,0.43,0.33,0.58,5.8,103,105.1
,Paul Watson,Tor,G,26.33,27,11,22.9,13.8,9.5,8,0.625,18,0.444,64,0.469,0.646,0.649,4.1,1.7,8.4,0.6,8.2,0.19,0.11,0.33,5.9,120.2,104.3
,Jordan Bone,Orl,G,23.48,14,14,29.2,12.6,5.3,0,0,22,0.591,32,0.313,0.519,0.519,4,1.7,6.4,1.3,13.5,0.14,0,0.21,5.9,112.6,113.3
,Chris Chiozza,Bro,G,25.44,22,10.6,22,20.9,14.4,17,0.765,46,0.391,42,0.31,0.426,0.461,4,1.1,5.8,3,36.9,0.32,0.27,0.73,8.9,107.4,109.6
,Sekou Doumbouya,Det,F,20.35,48,13.4,28,17.3,13.7,42,0.738,112,0.429,90,0.244,0.401,0.438,4,2.2,9,0.7,7.9,0.42,0.1,0.73,5.5,88,103.9
,Matt Thomas,Uta,G,26.74,10,7.9,16.5,25,13,0,0,16,0.688,24,0.25,0.5,0.5,4,1.2,8,0.5,9.8,0.1,0,0.6,6.8,93.2,106.1
,Obi Toppin,Nyk,F,23.15,53,11,23,16,10,22,0.727,107,0.626,73,0.288,0.547,0.561,4,2.2,11.1,0.5,6.2,0.25,0.21,0.4,6,109.6,103.3
,Carsen Edwards,Bos,G,23.13,25,8.5,17.7,19.1,4.3,9,0.778,40,0.65,46,0.283,0.529,0.545,3.9,0.9,5.8,0.4,7.7,0.2,0.04,0.16,5.3,112.5,106.7
,Kevon Looney,Gol,F,25.23,51,17.6,36.6,9.8,15.5,34,0.706,143,0.566,17,0.235,0.544,0.566,3.9,4.8,14.6,1.9,14,0.41,0.35,0.63,7.5,127.7,102.4
,Rajon Rondo,Atl,G,35.18,27,14.9,31,16.2,26,2,0.5,65,0.415,45,0.378,0.477,0.478,3.9,2,7.5,3.5,32.7,0.7,0.07,1.44,8.1,97.3,108.8
,Jevon Carter,Pho,G,25.62,50,11.1,23,14.9,6.5,4,0.5,49,0.531,122,0.369,0.547,0.547,3.8,1.4,7.2,1.1,12.9,0.4,0.18,0.24,6.5,114.8,104.3
,Dante Exum,Cle,G,25.8,6,19.4,40.3,12.7,20.7,2,0.5,15,0.533,11,0.182,0.423,0.428,3.8,2.8,8.2,2.2,15.5,0.67,0.33,1.17,5.9,86.4,108.7
,Thon Maker,Cle,F-C,20,8,9.6,19.9,14.8,11.6,11,0.909,16,0.625,2,0,0.556,0.657,3.8,2.3,13.2,0.5,7.7,0.25,0.5,0.38,6.8,132.1,107.5
,Onyeka Okongwu,Atl,F-C,20.38,41,11.3,23.6,13.7,15,45,0.622,103,0.621,2,0,0.61,0.625,3.8,2.9,14.2,0.2,3.1,0.44,0.63,0.54,4.6,117.5,95.7
,JaKarr Sampson,Ind,F,28.11,24,10,20.9,18.3,12.6,25,0.6,67,0.493,12,0.25,0.475,0.5,3.8,2.5,13.8,0.1,1.7,0.08,0.5,0.54,3.9,97.8,98.7
,Matisse Thybulle,Phi,G-F,24.15,59,20,41.7,9.1,11.2,17,0.471,87,0.575,128,0.305,0.505,0.506,3.8,2,5.5,0.9,6,1.54,1.05,0.47,3.8,104.1,100.2
,Nicolo Melli,Dal,F,30.26,14,14.7,30.6,11.3,5.7,8,0.75,21,0.524,25,0.32,0.5,0.525,3.7,2.9,10.6,0.7,6.4,0.29,0.21,0.21,5.3,116.9,104.8
,Aaron Nesmith,Bos,G-F,21.54,37,13.1,27.3,13.2,12.8,20,0.7,39,0.487,82,0.341,0.504,0.524,3.7,2.4,10,0.4,3.5,0.32,0.24,0.51,4.7,102,104
,Nathan Knight,Atl,F-C,23.61,29,8.2,17.1,21.5,12.8,49,0.837,54,0.444,27,0.185,0.389,0.507,3.6,2,13.6,0.2,3.5,0.28,0.24,0.52,5.5,104.5,106.1
,John Konchar,Mem,G,25.1,36,13.2,27.5,11.8,12.8,24,0.833,64,0.516,41,0.366,0.529,0.567,3.6,2.8,11.2,1.1,10.1,0.83,0.19,0.47,6.8,116.2,105.4
,Anthony Lamb,Hou,F,23.27,14,11.9,24.8,16.4,9.4,7,0.857,22,0.409,33,0.273,0.409,0.439,3.6,2.3,10.2,0.4,5.1,0.07,0.14,0.43,5,96.2,108.6
,Reggie Perry,Bro,F-C,21.1,21,9.5,19.7,20.5,14.9,13,0.769,54,0.5,20,0.2,0.446,0.477,3.6,3.1,18.5,0.7,9.6,0.29,0.29,0.67,8.4,101.5,95.3
,D.J. Wilson,Mil,F,25.19,12,8.7,18.2,19.2,8.4,2,0.5,15,0.4,28,0.357,0.488,0.49,3.6,2.1,12.6,0.3,3.7,0.08,0.33,0.33,6,96.2,100.4
,Donta Hall,Orl,C,23.73,6,10.2,21.3,11.9,11.9,11,0.636,10,0.7,0,0,0.7,0.708,3.5,3.3,17.1,1,14.3,0.5,1,0.33,8.9,147.9,108
,Isaiah Hartenstein,Den,C-F,22.98,30,9.1,18.9,18.8,18,36,0.611,80,0.513,0,0,0.513,0.543,3.5,2.8,17.8,0.5,7.4,0.37,0.67,0.7,7.5,108.7,90.1
,DaQuan Jeffries,Sac,G-F,23.66,18,12.9,26.8,12.6,11.8,7,0.857,29,0.517,28,0.321,0.5,0.524,3.5,1.6,7,0.3,3.3,0.39,0.22,0.44,3.7,102,113.3
,Gary Clark,Orl,F,26.45,35,18.2,37.9,10.4,11.2,10,0.8,23,0.391,108,0.287,0.424,0.439,3.4,3.2,9.2,0.9,6.4,0.34,0.2,0.49,4.7,97.1,112.5
,Shaquille Harrison,Den,G,27.56,7,13.7,28.6,11.7,11.6,4,1,19,0.526,2,0,0.476,0.527,3.4,1.4,5.9,0.4,3.9,1.14,0,0.43,3.6,103.4,103.7
,Skylar Mays,Atl,G,23.65,29,7.9,16.4,19,8,25,0.88,48,0.458,33,0.333,0.475,0.538,3.4,1.1,7.4,0.8,14,0.48,0,0.28,7.3,115.6,109
,Stanley Johnson,Tor,F-G,24.92,52,14.4,30,11.8,20,29,0.828,62,0.452,89,0.348,0.493,0.528,3.3,2.3,8.8,1.2,11.3,0.75,0.33,0.79,5.8,100.9,102.4
,Meyers Leonard,Mia,F-C,29.17,3,9.8,20.4,15.2,20.2,2,0.5,0,0,7,0.429,0.643,0.635,3.3,2.3,13.5,0.7,9.8,0,0,0.67,7.1,100.9,93.6
,Luka Samanic,San,F,21.3,27,9.2,19.2,18.5,15.2,24,0.5,42,0.595,37,0.243,0.487,0.497,3.3,2,11.7,0.5,7.2,0.26,0.22,0.59,6.5,93.7,98.8
,Thanasis Antetokounmpo,Mil,F,28.78,49,10.1,21.1,15.7,21.6,39,0.462,102,0.578,26,0.269,0.543,0.541,3.2,2.4,12.7,0.9,10.7,0.39,0.2,0.82,7.5,105.1,99.3
,Amir Coffey,Lac,G-F,23.87,44,9,18.7,15.1,11.1,38,0.711,47,0.468,56,0.411,0.549,0.585,3.2,1,6.3,0.5,7.3,0.23,0,0.34,5.2,114.4,108.4
,Wes Iwundu,Nor,F,26.36,13,14.6,30.4,12,20.5,15,0.8,20,0.6,16,0.125,0.417,0.493,3.2,2.6,9.9,0.4,3.3,0.38,0.08,0.85,4.1,89,105.9
,Isaiah Joe,Phi,G,21.83,34,9.1,18.9,16.8,6.6,16,0.75,23,0.304,83,0.337,0.462,0.487,3.2,0.9,5.3,0.5,7.9,0.26,0.12,0.24,5,102.6,104.3
,Zeke Nnaji,Den,F-C,20.3,38,9.3,19.3,12.9,6.8,15,0.8,39,0.641,51,0.392,0.611,0.631,3.2,1.5,9.2,0.2,2.6,0.13,0.11,0.18,4.2,123.9,109.9
,Sam Merrill,Mil,G,24.95,27,7.4,15.4,15.6,13.6,4,1,21,0.476,41,0.488,0.645,0.659,3.1,1,7.1,0.7,13,0.19,0.04,0.37,7,123.8,107.3
,Amida Brimah,Ind,C,27.21,2,6.9,14.3,12.1,0,2,1,3,0.667,0,0,0.667,0.773,3,1.5,11.9,0,0,0,1.5,0,0,159.4,108.3
,Kyle Guy,Sac,G,23.72,25,7,14.6,19.8,7.4,16,0.875,32,0.469,36,0.278,0.441,0.493,3,1,7.9,0.8,16,0.16,0,0.24,7.7,107.1,114.4
,Rondae Hollis-Jefferson,Por,F,26.32,7,11.5,24,11.8,9,14,0.643,13,0.462,1,0,0.429,0.521,3,2.7,12.6,1.4,16,0.29,0.57,0.29,7.8,131.7,104.5
,Rodions Kurucs,Mil,F,23.23,5,6.7,14,16,31.1,2,1,4,0.5,4,0.75,0.813,0.845,3,1.8,14.1,0.8,15.3,0.6,0,0.8,9.7,126.1,84
,Frank Ntilikina,Nyk,G,22.75,25,10.5,21.9,13.9,12.2,16,0.5,27,0.222,38,0.474,0.508,0.514,3,1,5.2,0.6,7.9,0.6,0.08,0.4,4.6,101.1,96.1
,Norvel Pelle,Sac,C,28.23,1,3.8,7.9,31.2,0,4,0.75,1,0,0,0,0,0.543,3,1,14.7,1,29.6,0,0,0,15.2,,
,Paul Reed,Phi,F,21.87,20,6.6,13.8,21.3,13.7,4,0.25,49,0.592,6,0,0.527,0.52,3,2.1,17.5,0.4,8.4,0.3,0.55,0.45,8.2,105.2,93.2
,Dennis Smith Jr.,Nyk,G,23.43,3,9.2,19.2,21.8,7.3,6,0.833,6,0.333,4,0,0.2,0.356,3,0.7,3.9,1,14.6,1,0,0.33,5.6,83.9,92.9
,Ryan Arcidiacono,Chi,G,27.09,37,10.7,22.3,12.5,6.1,18,0.667,42,0.5,57,0.316,0.485,0.505,2.9,1.6,8.5,1.3,15.9,0.22,0,0.19,6.8,114.9,105.5
,Tacko Fall,Bos,C,25.38,14,7.2,14.9,14.5,11.9,13,0.308,24,0.75,0,0,0.75,0.673,2.9,2.7,21.1,0.1,3,0.07,0.86,0.29,5.1,125,95.8
,Alfonzo McKinnie,Lal,F,28.61,35,6.3,13.2,17,4.6,17,0.529,43,0.581,32,0.438,0.613,0.612,2.9,1.3,11.6,0.2,4.1,0.14,0,0.11,5.8,124.1,100.9
,Brodric Thomas,Cle,G,24.25,18,9.7,20.2,18,13.9,18,0.722,25,0.32,29,0.276,0.37,0.428,2.9,1.1,6.4,0.7,9.7,0.39,0.28,0.56,5.4,86.3,107.6
,Tremont Waters,Bos,G,23.3,19,8,16.7,20.5,24.9,14,0.929,27,0.407,21,0.333,0.448,0.517,2.9,0.6,4.4,2.2,37.5,0.68,0,0.95,7.8,104.9,106.3
,Jordan Bell,Was,F,26.31,5,13.4,28,14.2,13,0,0,18,0.389,2,0,0.35,0.35,2.8,3.8,15,1,9.6,0.6,0.6,0.6,6.6,85.5,106.2
,Bruno Caboclo,Hou,F,25.6,6,6.1,12.6,25.7,18.3,2,0.5,12,0.667,5,0,0.471,0.475,2.8,2.3,20.5,0.2,4.7,0,0.33,0.67,7.1,83.1,97.2
,Matthew Dellavedova,Cle,G,30.64,13,17.2,35.9,12.4,9.4,4,1,31,0.323,25,0.16,0.286,0.312,2.8,1.8,6,4.5,34.8,0.31,0.08,0.46,6.6,100.4,109.3
,Gorgui Dieng,San,C,31.28,8,8.2,17.1,13.9,14.4,11,0.727,6,0.667,7,0.286,0.538,0.617,2.8,2.3,14.6,0.5,8,0.25,0.13,0.38,7.2,122.2,97
,Harry Giles III,Por,F-C,23.02,32,10,20.9,14.8,17.2,22,0.682,64,0.406,18,0.444,0.463,0.496,2.8,3.8,20.1,0.8,10.1,0.19,0.31,0.59,8.2,104.9,98.7
,Mfiondu Kabengele,Cle,F-C,23.71,6,7.4,15.4,13.7,7.2,2,1,4,0.75,8,0.375,0.625,0.66,2.8,1.3,10.1,0.7,13.5,0.33,0.17,0.17,7.4,132.9,100.7
,James Nunnally,Nor,F,30.79,4,6.3,13.2,15.1,11.1,0,0,1,1,7,0.429,0.688,0.688,2.8,1,8.7,0,0,0,0,0.25,0,118.4,119.8
,Grant Riller,Cha,G,24.22,5,4.3,8.9,20.2,10,0,0,5,0.8,4,0.5,0.778,0.778,2.8,0,0,0.6,25.5,0.2,0,0.2,0,137.8,119.8
,Mason Jones,Phi,G,22.77,6,4.5,9.4,20.6,7.6,7,0.714,7,0.571,2,0.5,0.611,0.662,2.7,0.7,8.1,0.5,16.5,0.17,0,0.17,8.7,139,106.4
,Jabari Parker,Sac,F,26.12,3,9.1,19,15.8,30,0,0,6,0.667,1,0,0.571,0.571,2.7,2,12.3,0.3,4.9,0,0.33,1,5.2,82.8,107.3
,Chris Silva,Mia,F,24.61,11,7.5,15.7,15.6,31.5,15,0.733,12,0.667,1,1,0.731,0.765,2.7,2.3,17.1,0.5,10.5,0.09,0.45,0.82,7.8,116.5,85.1
,Matt Thomas,Tor,G,26.74,26,7.4,15.4,16,8.4,7,0.857,21,0.333,41,0.415,0.524,0.545,2.7,0.8,6,0.3,6.7,0.08,0,0.23,4.7,105.8,114.1
,P.J. Tucker,Mil,F,35.98,10,18,37.4,6.3,7.4,0,0,8,0.375,17,0.412,0.54,0.54,2.7,3,8.8,0.5,3.2,0.4,0.2,0.2,3.5,123,108.8
,Nemanja Bjelica,Mia,F,32.97,9,10.9,22.6,13.9,9.9,5,0.4,9,0.667,16,0.188,0.42,0.423,2.6,1.9,9.9,1.1,14.5,0.33,0.22,0.33,6.5,92.3,94.5
,Mamadi Diakite,Mil,F,24.27,12,8.5,17.7,14.3,8.7,6,1,22,0.5,7,0.143,0.431,0.49,2.6,2.3,14,0.5,7.3,0.33,0.42,0.25,6.8,108.7,99.2
,Josh Hall,Okc,F,20.55,14,12.4,25.8,18.1,21.7,29,0.586,25,0.28,20,0.1,0.222,0.32,2.6,2,8.4,1.3,13.7,0,0,1.14,6.1,65.7,105.2
,R.J. Hampton,Den,G,20.22,25,9.3,19.4,14.3,14.4,12,0.75,42,0.476,18,0.278,0.458,0.49,2.6,2,12.2,0.6,7.6,0.2,0.08,0.44,6.3,99.4,105.5
,Vernon Carey Jr.,Cha,F-C,20.17,15,6.3,13.2,16.8,13.5,9,0.889,21,0.619,7,0.143,0.518,0.579,2.5,1.4,12.1,0.1,3.1,0.07,0.27,0.33,4.5,104.9,103.3
,Torrey Craig,Mil,F,30.36,18,11.2,23.3,10.8,9.6,2,0.5,24,0.417,22,0.364,0.478,0.48,2.5,2.4,11.3,0.9,9.6,0.5,0.39,0.28,6.3,112.3,100.1
,Kris Dunn,Atl,G,27.12,2,14,29.2,22.9,13.6,4,0.75,9,0.111,2,0,0.091,0.196,2.5,1.5,5.9,0.5,4.5,0.5,0.5,1,3.5,42.9,85.6
,Romeo Langford,Bos,G-F,21.51,13,15.6,32.4,10.4,16.4,4,1,24,0.333,15,0.267,0.359,0.393,2.5,2.2,8,0.6,5,0.31,0.23,0.62,3.8,87.9,110.3
,Gary Payton II,Gol,G,28.41,10,4,8.4,16.6,6.3,4,0.75,9,0.889,4,0.5,0.846,0.847,2.5,1.1,14.5,0.1,4.1,0.6,0.1,0.1,6.5,152.5,84.3
,Brodric Thomas,Hou,G,24.25,4,6.1,12.6,24.8,28.4,7,0.714,1,1,6,0.167,0.357,0.496,2.5,1,8.8,1,22.7,0.25,0.25,1,8.9,88.2,95
,Killian Tillie,Mem,F-C,23.15,15,8.5,17.7,15.3,2.2,7,0.857,16,0.438,26,0.231,0.381,0.421,2.5,1.1,7.1,0.3,5,0.33,0.47,0.07,4.4,98.7,102.1
,Bol Bol,Den,C-F,21.45,27,4.7,9.9,22.3,18.4,14,0.643,27,0.556,20,0.45,0.606,0.621,2.4,0.7,8,0.3,7.7,0.11,0.37,0.44,6.8,100.9,106
,Jarrell Brantley,Uta,F,24.89,22,4.8,10,18.2,11.1,2,1,16,0.625,23,0.435,0.641,0.652,2.4,1,11.5,0.4,12.7,0.18,0.09,0.23,8.2,126,94.1
,CJ Elleby,Por,F-G,20.87,23,7.1,14.9,16.6,7.8,13,0.692,24,0.583,29,0.207,0.434,0.468,2.4,1.1,8.1,0.3,5,0.26,0.13,0.22,5.2,102,105.4
,Kelan Martin,Ind,F,25.74,24,5.7,11.8,19.9,11.1,7,0.857,30,0.467,23,0.348,0.491,0.517,2.4,1.3,12.4,0.3,8.2,0.21,0.13,0.29,6.9,103.4,105.2
,KZ Okpala,Mia,F-G,22,31,12.5,26,12,12.7,10,0.3,37,0.459,48,0.25,0.412,0.408,2.4,1.9,8.8,0.5,5.4,0.26,0.26,0.42,4.2,86.6,99.8
,Josh Green,Dal,G,20.45,30,10.3,21.6,12.5,18.3,15,0.6,47,0.532,18,0.167,0.454,0.475,2.3,1.9,10,0.5,6.8,0.27,0.1,0.53,5,96.7,109.5
,Justin James,Sac,G-F,24.26,27,6.2,13,16.1,9.5,16,0.5,31,0.581,19,0.316,0.54,0.543,2.3,0.4,3.6,0.6,11.9,0.11,0.04,0.22,5.3,109,119.5
,Alex Len,Tor,C,27.87,7,10.8,22.6,11.8,38.8,6,0.5,4,0.5,6,0.5,0.65,0.633,2.3,1.6,8,0.4,5.2,0.14,0.86,1.14,4.2,76.6,102.9
,Sean McDermott,Mem,F,24.48,17,9.2,19.1,11,9.9,8,1,11,0.727,22,0.227,0.47,0.534,2.3,1.1,6.5,0.2,3.2,0.12,0.18,0.24,3.5,108.8,113
,Jahmi'us Ramsey,Sac,G,19.89,6,3.8,7.9,20.8,9.1,0,0,4,1,6,0.333,0.7,0.7,2.3,0.8,12.2,0.5,21,0,0.17,0.17,10.2,,
,Justin Robinson,Okc,G,23.55,9,9.8,20.3,12.2,7.9,5,0.6,7,0.429,14,0.286,0.429,0.453,2.3,0.8,4.2,1,14.1,0.33,0,0.22,5,102,106.1
,Keita Bates-Diop,San,F,25.26,22,6.9,14.3,14.6,4,15,0.733,27,0.407,15,0.333,0.44,0.494,2.2,1.1,8.8,0.4,7.1,0.41,0.09,0.09,5.7,108.3,108.5
,Ed Davis,Min,C-F,31.9,22,13.3,27.7,8.1,12.4,12,0.833,44,0.432,0,0,0.432,0.487,2.2,5.1,20.9,1,9.3,0.59,0.59,0.32,6.7,127.6,96.3
,Anthony Gill,Was,F,28.53,21,6.8,14.2,13.2,13.1,6,0.667,19,0.737,18,0.278,0.581,0.593,2.2,2,15.1,0.3,5.6,0.29,0.14,0.29,6.5,116.1,101.9
,Isaac Bonga,Was,G,21.47,38,11,23,10.3,20.3,8,0.625,33,0.515,46,0.283,0.462,0.473,2.1,1.7,8.2,0.6,6.5,0.29,0.21,0.55,4.7,91.1,102.6
,Devontae Cacok,Lal,F,24.55,18,5,10.4,17,11.4,9,0.444,27,0.63,0,0,0.63,0.614,2.1,1.6,18.1,0.1,1.7,0.28,0.22,0.22,5.6,115.1,96.9
,Quinn Cook,Lal,G,28.1,16,3.9,8.1,21.9,9.6,5,0.8,13,0.538,13,0.385,0.558,0.585,2.1,0.3,4.5,0.3,12.4,0.06,0.06,0.19,5.9,,
,Wes Iwundu,Dal,F,26.36,23,12.5,26.1,9.9,9.4,14,0.857,29,0.483,23,0.13,0.356,0.421,2.1,1.9,8.4,0.4,4.4,0.39,0.13,0.26,3.7,92.5,106.3
,Cassius Winston,Was,G,23.16,19,4.9,10.2,16,5.6,6,0.833,15,0.333,16,0.5,0.548,0.58,2.1,0.5,5.1,0.6,16,0.11,0.05,0.11,7,120.6,108.9
,Wenyen Gabriel,Nor,F,24.09,12,8.1,16.8,14.9,26.4,7,0.571,12,0.333,10,0.4,0.455,0.478,2,1.7,11.4,0.7,10.4,0.33,0.17,0.75,6.6,91,104.7
,DaQuan Jeffries,Hou,G-F,23.66,6,13.4,27.8,9.6,0,0,0,7,0.429,11,0.182,0.333,0.333,2,2.2,8.6,0.5,5,0.17,0.5,0,3.9,89.2,112.8
,Luke Kornet,Chi,F-C,25.79,13,7.2,15,13.7,3.4,4,0.5,4,0.75,23,0.261,0.444,0.452,2,1.2,9.5,0.3,5.5,0.15,0.54,0.08,5,98.7,115.7
,T.J. Leaf,Por,F,24,1,9.5,19.8,9,50,0,0,1,1,0,0,1,1,2,0,0,0,0,1,0,1,0,79.3,119.2
,Nicolo Melli,Nor,F,30.26,22,11,22.9,12.1,10.1,7,0.857,22,0.364,37,0.189,0.314,0.346,2,2.6,13,1.1,12.7,0.41,0.05,0.32,6.5,92.4,103.2
,Miye Oni,Uta,G-F,23.74,45,9.1,19,10.9,14.5,6,0.833,10,0.5,76,0.329,0.494,0.508,2,1.6,9.3,0.4,5.9,0.13,0.18,0.33,4.8,104.7,99.2
,Norvel Pelle,Bro,C,28.23,3,9.3,19.3,15.7,30,0,0,7,0.429,0,0,0.429,0.429,2,2.3,14,0,0,0,1,1,0,75.7,83.2
,Ray Spalding,Hou,F,24.13,2,9.4,19.5,18,38.1,2,0,3,0.667,1,0,0.5,0.41,2,2,11.4,0,0,0,1,1.5,0,60.2,102.9
,Rayjon Tucker,Phi,G,23.6,12,4.1,8.4,17.8,14.9,14,0.857,6,0.5,5,0.4,0.545,0.699,2,0.8,10.2,0.4,13.7,0.17,0,0.25,8.4,132.8,99.7
,Moritz Wagner,Orl,F-C,24.01,1,8.5,17.7,20.4,25,0,0,2,0.5,1,0,0.333,0.333,2,2,12.3,1,17.2,0,0,1,7.5,74.1,106.8
,Chandler Hutchison,Chi,F-G,25.01,7,9.1,18.9,16.3,20.9,2,1,15,0.267,3,0.333,0.306,0.344,1.9,2.9,17.6,0.6,7.9,0.14,0,0.71,6.5,67.1,98
,Tre Jones,San,G,21.3,29,5.4,11.2,17.9,18.8,9,1,45,0.444,3,0.667,0.479,0.529,1.9,0.4,4.4,0.7,17,0.21,0,0.41,6,99.9,111.5
,Elijah Hughes,Uta,G,23.14,14,3.6,7.5,26.4,19.5,4,0.75,5,0.4,18,0.333,0.478,0.505,1.8,0.5,7.3,0.4,14.3,0.07,0.07,0.43,7.9,,
,Axel Toupane,Mil,G-F,20,8,7.7,15.9,9.7,0,7,0.714,9,0.333,2,0.5,0.409,0.497,1.8,0.8,5.2,0.5,7.6,0.25,0.38,0,4.7,118.8,104.5
,Alen Smailagic,Gol,F,20.69,10,4.5,9.4,15.9,0,4,0.25,10,0.5,5,0.4,0.533,0.507,1.7,0.8,9.5,0.3,9.5,0.2,0.4,0,6.6,114.2,100.8
,Damian Jones,Pho,C,25.83,14,6.7,13.9,12.8,22.4,11,0.545,15,0.533,1,0,0.5,0.528,1.6,1.3,10.9,0.3,5.3,0.07,0.36,0.43,5.1,100.1,92.9
,Anthony Tolliver,Phi,F,35.91,5,12.4,25.9,10.8,19.2,6,0.833,3,0,7,0.143,0.15,0.316,1.6,1.6,7.1,0.4,3.8,0.6,0.4,0.6,3.3,74.1,102.1
,Robert Woodard II,Sac,F,21.6,11,2.6,5.4,27.8,5.4,8,0.375,10,0.6,4,0.25,0.536,0.514,1.6,1,21.4,0,0,0,0.18,0.09,0,,
,Nate Darling,Cha,G,22.66,6,4,8.4,16.6,10.7,3,1,0,0,7,0.286,0.429,0.541,1.5,0.2,2.3,0.2,5.5,0,0.17,0.17,3.9,110.1,117.9
,Nate Hinton,Dal,G-F,21.89,15,3.8,7.9,24,16.3,6,0.667,15,0.533,8,0.125,0.413,0.449,1.5,0.4,5.8,0.3,12.8,0.33,0.07,0.33,5.9,,
,Vlatko Cancar,Den,F,24.05,34,5.4,11.3,13.9,20.5,8,0.875,21,0.619,22,0.227,0.477,0.516,1.4,1.1,11.1,0.3,6.8,0.26,0.06,0.35,5.7,94.2,105.9
,Trent Forrest,Uta,G,22.88,20,6.5,13.6,11.5,25.9,4,1,19,0.526,5,0.2,0.479,0.524,1.4,0.5,4.1,1.3,25.9,0.2,0.05,0.45,6,109.1,107.2
,Maurice Harkless,Mia,F-G,27.97,11,11.2,23.4,6.2,17.8,2,0,2,0,11,0.455,0.577,0.54,1.4,1.2,6,0.6,7.5,0.18,0.36,0.27,3.6,104.4,103.4
,Daniel Oturu,Lac,C,21.61,25,4.1,8.6,15.7,13.7,8,0.625,27,0.556,1,0,0.536,0.555,1.4,1.1,15.3,0.3,9.4,0.04,0.12,0.2,7.5,116.4,100.4
,Norvel Pelle,Nyk,C,28.23,5,5.3,11.1,8.1,0,2,0.5,4,0.75,0,0,0.75,0.717,1.4,1.4,14.3,0,0,0.2,0.6,0,0,148.5,109.4
,Jontay Porter,Mem,C-F,21.45,8,3.2,6.7,25.2,32.6,3,1,2,0.5,7,0.286,0.444,0.533,1.4,1.1,18.6,0.1,5,0.25,0,0.63,6.7,,
,Tyler Bey,Dal,F,23.21,12,3.9,8.2,18.9,5,5,0.6,14,0.357,3,0.333,0.382,0.417,1.3,1,13.9,0.1,2.9,0,0.08,0.08,5.2,,
,Tim Frazier,Mem,G,20,3,10.8,22.6,14.3,27.3,0,0,6,0.333,2,0,0.25,0.25,1.3,1.3,6.6,2.3,26,0.33,0,1,5.8,67.4,102.9
,Jalen Lecque,Ind,G,20.87,4,3,6.3,36.5,0,3,1,8,0.125,1,0,0.111,0.242,1.3,1.3,22.5,0.5,20.8,0,0,0,12.6,,
,Adam Mokoka,Chi,G,22.78,12,4.4,9.2,17.6,14,1,0,8,0.75,10,0.1,0.417,0.407,1.3,0.4,5.3,0.4,12.7,0.17,0.08,0.25,5.4,83.1,107
,Cassius Stanley,Ind,G,21.7,18,2.9,6.1,23.6,3.4,7,0.857,18,0.389,7,0.143,0.34,0.41,1.3,0.7,13.4,0.1,2.6,0,0.11,0.06,6.2,,
,Marques Bolden,Cle,C,23.03,6,4.8,9.9,13,23.5,8,0.625,3,0.333,0,0,0.333,0.537,1.2,1,11.8,0,0,0.33,0.33,0.33,0,100.3,115.6
,Bruno Fernando,Atl,F-C,22.7,29,6.6,13.7,13.4,33.9,18,0.667,29,0.414,2,0,0.387,0.462,1.2,2.3,19.2,0.3,6.1,0.07,0.1,0.69,5.7,80.2,102.4
,Mfiondu Kabengele,Lac,F-C,23.71,23,4.1,8.5,19.2,14.8,6,0.833,14,0.357,18,0.222,0.344,0.39,1.2,0.6,8.4,0.2,6.8,0.09,0.13,0.26,5.1,77.3,94
,Rodions Kurucs,Hou,F,23.23,11,6.8,14.2,17.6,29.1,2,0.5,6,0.5,15,0.133,0.286,0.297,1.2,1,7.8,0.4,7.2,0.55,0.36,0.82,4.6,52.9,105.1
,Juwan Morgan,Uta,F,24.03,24,5,10.4,10.5,10.3,7,0.429,11,0.727,12,0.25,0.543,0.537,1.2,1,11,0.4,9.8,0.17,0.04,0.13,6.3,120.8,93.2
,Andre Roberson,Bro,G-F,29.4,5,12.6,26.2,11.7,11.8,2,0.5,6,0.167,8,0.125,0.179,0.202,1.2,3,13.3,0.8,7.4,0.6,0.2,0.4,4.5,78.5,109.5
,Sindarius Thornwell,Nor,G,26.45,14,5.2,10.9,14.9,15.5,2,0,12,0.333,9,0.333,0.405,0.388,1.2,0.4,3.8,0.3,7,0.36,0.07,0.29,4,76.3,112.4
,Moritz Wagner,Bos,F-C,24.01,9,6.8,14.1,16.9,37.7,2,0.5,8,0.25,6,0.333,0.357,0.37,1.2,2.1,17.4,0.7,12.5,0,0.11,1,7.1,65.4,96.4
,Markus Howard,Den,G,22.16,30,3.3,6.8,26.2,13.6,2,0.5,15,0.467,35,0.171,0.32,0.324,1.1,0.4,7,0.4,16.1,0.07,0,0.27,6.8,,
,Karim Mane,Orl,G,20.95,10,8.8,18.4,8.9,16.5,5,0.8,11,0.182,2,0.5,0.269,0.362,1.1,1.4,8.3,0.4,5.9,0,0.2,0.3,3.9,76.7,106.5
,Deividas Sirvydis,Det,F-G,20.88,15,2.7,5.7,23.2,13.8,4,0.75,4,0.25,13,0.308,0.412,0.453,1.1,0.5,10.9,0.1,7.3,0.07,0,0.2,5.6,,
,Jalen Smith,Pho,F-C,21.12,22,4.1,8.4,18.1,13.8,3,0.333,19,0.474,11,0.182,0.4,0.399,1.1,0.9,12,0.1,2.9,0.05,0.09,0.23,4.5,81.1,102.6
,Quinndary Weatherspoon,San,G,24.63,17,4.5,9.3,16.4,31.6,8,0.875,14,0.429,2,0,0.375,0.487,1.1,0.4,4.2,0.3,8.5,0.35,0.12,0.53,4.5,77.7,95.9
,Udoka Azubuike,Uta,C-F,21.61,12,4.1,8.5,11.1,23.7,6,0.667,7,0.571,0,0,0.571,0.622,1,1.1,14,0,0,0.08,0.33,0.25,0,107.8,93.1
,Devon Dotson,Chi,G,21.74,6,3.6,7.5,14,0,0,0,6,0.5,1,0,0.429,0.429,1,0.5,7.7,0.3,12.5,0.17,0,0,5.9,,
,Cristiano Felicio,Chi,F-C,28.81,14,4.2,8.8,11.3,26,10,0.6,6,0.667,1,0,0.571,0.614,1,1,13.3,0.6,16.7,0.14,0,0.29,8,121.9,103.2
,Malik Fitts,Lac,F,20,3,3.6,7.5,12.3,0,0,0,1,0,2,0.5,0.5,0.5,1,1,15.6,0,0,0,0,0,0,,
,Shaquille Harrison,Uta,G,27.56,17,3.3,6.8,21.3,18.1,6,0.833,18,0.333,2,0,0.3,0.375,1,0.5,8.5,0.5,21.5,0.12,0,0.29,7.6,,
,Patrick McCaw,Tor,G,25.51,5,6.7,13.9,3,0,3,1,1,1,0,0,1,1.078,1,0.6,4.9,0.8,15.1,0.4,0,0,4.7,232.4,97.3
,Iman Shumpert,Bro,G,30.84,2,5.5,11.5,19.8,20,0,0,1,1,3,0,0.25,0.25,1,0.5,5.1,0,0,0.5,0,0.5,0,55.9,117.3
,Tyrell Terry,Dal,G,20.58,11,5.1,10.7,15.2,10.4,3,0.333,9,0.556,7,0,0.313,0.318,1,0.5,5.8,0.5,14,0.45,0,0.18,4.9,75,109.6
,Kostas Antetokounmpo,Lal,F,23.44,14,3.8,7.9,21,38.9,13,0.462,10,0.3,0,0,0.3,0.382,0.9,1.4,20,0.1,2.4,0.14,0.29,0.71,5.3,,
,Nick Richards,Cha,C,23.41,17,3.6,7.4,11.3,18.9,11,0.636,7,0.571,1,0,0.5,0.584,0.9,0.5,8.1,0.1,4.3,0,0,0.18,4,,
,Jalen Harris,Tor,G,22.71,4,3.5,7.3,15.3,20,0,0,2,0,2,0.5,0.375,0.375,0.8,0.8,11.7,0.5,18.8,0.25,0,0.25,7.8,,
,Vincent Poirier,Phi,C-F,27.53,10,3.9,8.1,19.4,17,6,0.333,11,0.273,1,0,0.25,0.273,0.8,1.3,18.3,0.2,6.6,0,0.3,0.3,6.1,,
,Al-Farouq Aminu,Chi,F,30.6,3,8,16.6,10.7,34,2,1,1,0,2,0,0,0.258,0.7,3,21.1,0.3,4.8,0,0,0.67,4.3,46.4,99
,Cameron Reynolds,San,F,26.22,3,2.1,4.3,14.1,0,0,0,2,0.5,0,0,0.5,0.5,0.7,0,0,0,0,0,0,0,0,,
,Ty-Shon Alexander,Pho,G,22.79,10,2.9,6.1,18.1,8.4,2,0.5,3,0.333,7,0.143,0.25,0.276,0.6,0.5,9.7,0.1,4.2,0,0.1,0.1,4.3,,
,Keljin Blevins,Por,G,25.43,12,5,10.4,14.3,15,0,0,11,0.182,6,0.167,0.206,0.206,0.6,0.4,4.5,0.3,8.4,0.17,0,0.25,3.3,56.4,111.2
,Brian Bowen II,Ind,F-G,22.57,5,2.8,5.9,13.5,0,1,1,3,0.333,1,0,0.25,0.338,0.6,0.6,11.6,0,0,0,0,0,0,,
,Javonte Green,Chi,G-F,27.77,7,4.9,10.2,16.2,31.1,2,1,7,0.143,1,0,0.125,0.225,0.6,1,11.4,0.3,6.9,0.29,0.29,0.57,4.6,52,104.7
,Rodions Kurucs,Bro,F,23.23,5,3.2,6.6,8.3,0,0,0,1,0,2,0.5,0.5,0.5,0.6,0.6,10.6,0.4,15.3,0,0,0,6.6,,
,Ignas Brazdeikis,Nyk,F,22.3,4,1.8,3.7,18,34.7,2,1,1,0,0,0,0,0.532,0.5,0.5,15.3,0.3,17.3,0,0,0.25,9.4,,
,Tyler Cook,Bro,F,23.6,4,4.2,8.6,10.5,25,0,0,3,0.333,0,0,0.333,0.333,0.5,0.5,6.7,0.5,14.5,0,0,0.25,4.8,88,108.1
,Jared Dudley,Lal,F,35.8,11,6.9,14.4,5.1,22.2,0,0,2,0,5,0.4,0.429,0.429,0.5,1.7,13.9,0.5,8.1,0.09,0.09,0.18,4.4,106.5,100.1
,Chris Silva,Sac,F,24.61,4,2.4,4.9,18.1,25,0,0,3,0.333,0,0,0.333,0.333,0.5,0.5,11.7,0,0,0,0.25,0.25,0,,
,Jared Harper,Nyk,G,23.62,5,2,4.3,25.6,34,2,1,2,0,1,0,0,0.258,0.4,0,0,0,0,0,0,0.4,0,,
,Jaylen Adams,Mil,G,24.98,7,2.6,5.4,18.6,0,0,0,6,0.167,2,0,0.125,0.125,0.3,0.4,8.7,0.3,12.7,0,0,0,5.1,,
,Terrance Ferguson,Phi,G,22.95,13,3.8,7.9,9.6,36.4,0,0,2,0.5,5,0,0.143,0.143,0.2,0.1,1.1,0.2,4.9,0.08,0,0.31,1.7,,
,Theo Pinson,Nyk,G-F,25.48,15,2.1,4.4,13.9,10,0,0,1,1,8,0,0.111,0.111,0.1,0.2,5.1,0.1,4,0,0,0.07,2.4,,
,Ignas Brazdeikis,Phi,F,22.3,1,7.9,16.5,16.3,0,0,0,2,0,1,0,0,0,0,2,13.9,0,0,0,0,0,0,0,110.9
,Gary Clark,Den,F,26.45,2,2.1,4.3,0,,0,0,0,0,0,0,,,0,0.5,13.9,0,0,0,0,0,0,,
,Ashton Hagans,Min,G-F,21.81,2,2.1,4.3,10.3,100,0,0,0,0,0,0,,,0,0,0,0,0,0,0,0.5,0,,
,Will Magnay,Nor,C,22.89,1,3.3,6.9,25.7,50,0,0,0,0,1,0,0,0,0,0,0,0,0,0,0,1,0,,
,Anzejs Pasecniks,Was,C-F,25.36,1,6.3,13.1,39.6,83.3,0,0,0,0,1,0,0,0,0,1,8.4,1,18,0,0,5,0,20.6,88.7
,Noah Vonleh,Bro,F,25.68,4,2.7,5.6,20.2,40,0,0,1,0,2,0,0,0,0,0.3,5.2,0.3,10.4,0,0,0.5,0,,
,Greg Whittington,Den,F,28.22,4,3,6.3,10.9,0,0,0,1,0,2,0,0,0,0,0,0,0,0,0,0,0,0,,
,Jeremiah Martin,Cle,G,24.86,1,3.6,7.5,24.3,50,0,0,1,0,0,0,0,0,0,0,0,0,0,0,0,1,0,,